ClaimID,EmployeeID,SubmitDate,Category,Description,Amount,Currency,Status,ApprovedBy,PayDate
CL30000,E1084,2024-08-14,Supplies,Travel expense,497.28,CAD,Paid,MgrC,2024-08-29
CL30001,E1087,2024-06-13,Supplies,Travel expense,149.22,EUR,Submitted,MgrC,
CL30002,E1083,2023-09-17,Meals,Travel expense,465.42,GBP,Approved,MgrC,
CL30003,E1080,2023-09-03,Travel,Travel expense,262.72,CAD,Paid,MgrC,2023-09-18
CL30004,E1040,2023-01-09,Entertainment,Travel expense,363.86,USD,Submitted,MgrB,
CL30005,E1039,2024-07-28,Travel,Travel expense,760.13,AUD,Submitted,MgrC,
CL30006,E1006,2023-11-18,Travel,Travel expense,134.1,GBP,Approved,MgrB,
CL30007,E1109,2023-05-09,Meals,Travel expense,320.63,GBP,Approved,MgrB,
CL30008,E1077,2025-06-19,Supplies,Travel expense,247.74,EUR,Approved,MgrC,
CL30009,E1013,2025-01-30,Supplies,Travel expense,764.36,USD,Approved,MgrC,
CL30010,E1106,2024-01-13,Travel,Travel expense,762.2,GBP,Paid,MgrB,2024-01-28
CL30011,E1065,2024-10-08,Supplies,Travel expense,256.72,CAD,Submitted,MgrC,
CL30012,E1021,2024-11-10,Supplies,Travel expense,338.15,GBP,Submitted,MgrA,
CL30013,E1058,2023-12-15,Travel,Travel expense,144.3,CAD,Submitted,MgrB,
CL30014,E1068,2024-05-29,Meals,Travel expense,191.95,USD,Paid,MgrC,2024-06-13
CL30015,E1030,2023-09-15,Entertainment,Travel expense,742.94,USD,Submitted,MgrB,
CL30016,E1056,2025-04-27,Training,Travel expense,563.82,EUR,Rejected,MgrA,
CL30017,E1091,2023-12-07,Travel,Travel expense,168.88,USD,Approved,MgrC,
CL30018,E1047,2023-08-04,Travel,Travel expense,763.43,EUR,Rejected,MgrA,
CL30019,E1046,2024-10-30,Training,Travel expense,658.07,EUR,Paid,MgrB,2024-11-14
CL30020,E1058,2024-01-28,Training,Travel expense,656.07,AUD,Paid,MgrB,2024-02-12
CL30021,E1100,2023-01-10,Training,Travel expense,736.31,CAD,Rejected,MgrC,
CL30022,E1037,2024-04-01,Travel,Travel expense,182.58,USD,Rejected,MgrA,
CL30023,E1039,2023-05-16,Entertainment,Travel expense,265.19,USD,Submitted,MgrC,
CL30024,E1040,2024-01-22,Meals,Travel expense,629.23,AUD,Submitted,MgrB,
CL30025,E1103,2024-11-22,Supplies,Travel expense,408.85,GBP,Paid,MgrB,2024-12-07
CL30026,E1056,2023-09-16,Travel,Travel expense,783.12,CAD,Rejected,MgrC,
CL30027,E1067,2025-02-21,Travel,Travel expense,762.02,CAD,Approved,MgrB,
CL30028,E1095,2023-04-26,Supplies,Travel expense,158.06,EUR,Paid,MgrC,2023-05-11
CL30029,E1084,2023-04-22,Supplies,Travel expense,218.44,EUR,Submitted,MgrB,
CL30030,E1041,2023-10-26,Supplies,Travel expense,682.85,USD,Submitted,MgrB,
CL30031,E1073,2024-10-10,Entertainment,Travel expense,118.8,AUD,Approved,MgrC,
CL30032,E1063,2025-06-29,Entertainment,Travel expense,101.52,USD,Rejected,MgrC,
CL30033,E1119,2023-12-08,Meals,Travel expense,201.77,AUD,Paid,MgrB,2023-12-23
CL30034,E1106,2023-09-16,Travel,Travel expense,398.29,EUR,Rejected,MgrB,
CL30035,E1050,2023-06-08,Travel,Travel expense,323.77,USD,Paid,MgrC,2023-06-23
CL30036,E1109,2024-06-25,Training,Travel expense,639.22,USD,Submitted,MgrC,
CL30037,E1005,2023-03-28,Meals,Travel expense,210.05,USD,Approved,MgrC,
CL30038,E1001,2023-07-23,Travel,Travel expense,359.73,EUR,Submitted,MgrB,
CL30039,E1036,2024-02-22,Travel,Travel expense,282.16,USD,Paid,MgrB,2024-03-08
CL30040,E1069,2024-11-28,Supplies,Travel expense,131.02,GBP,Rejected,MgrB,
CL30041,E1053,2023-08-24,Travel,Travel expense,431.46,AUD,Approved,MgrC,
CL30042,E1053,2024-03-13,Training,Travel expense,177.1,GBP,Approved,MgrA,
CL30043,E1048,2023-10-07,Meals,Travel expense,685.39,AUD,Rejected,MgrC,
CL30044,E1057,2024-05-05,Travel,Travel expense,643.67,GBP,Paid,MgrC,2024-05-20
CL30045,E1048,2024-12-14,Entertainment,Travel expense,492,GBP,Approved,MgrC,
CL30046,E1042,2023-01-15,Entertainment,Travel expense,97.94,USD,Approved,MgrA,
CL30047,E1082,2024-10-14,Entertainment,Travel expense,229.16,GBP,Paid,MgrC,2024-10-29
CL30048,E1022,2024-04-02,Training,Travel expense,53.54,USD,Rejected,MgrB,
CL30049,E1020,2025-03-06,Travel,Travel expense,387.83,CAD,Approved,MgrB,
CL30050,E1098,2023-07-01,Entertainment,Travel expense,225.87,USD,Approved,MgrA,
CL30051,E1112,2023-01-23,Meals,Travel expense,318.31,GBP,Submitted,MgrB,
CL30052,E1069,2023-07-24,Travel,Travel expense,528.55,AUD,Paid,MgrC,2023-08-08
CL30053,E1068,2025-02-09,Meals,Travel expense,699.42,CAD,Submitted,MgrB,
CL30054,E1116,2025-01-27,Entertainment,Travel expense,155.6,USD,Approved,MgrB,
CL30055,E1055,2023-12-06,Supplies,Travel expense,642.98,USD,Paid,MgrB,2023-12-21
CL30056,E1066,2023-02-09,Travel,Travel expense,231.54,USD,Approved,MgrB,
CL30057,E1050,2024-07-18,Entertainment,Travel expense,184.95,USD,Paid,MgrB,2024-08-02
CL30058,E1094,2024-05-23,Training,Travel expense,176.02,CAD,Submitted,MgrC,
CL30059,E1091,2024-01-15,Meals,Travel expense,348.76,AUD,Approved,MgrA,
CL30060,E1095,2023-02-27,Entertainment,Travel expense,540.06,CAD,Paid,MgrB,2023-03-14
CL30061,E1054,2023-04-09,Supplies,Travel expense,47.17,EUR,Paid,MgrA,2023-04-24
CL30062,E1040,2023-11-04,Training,Travel expense,662.85,USD,Rejected,MgrB,
CL30063,E1023,2023-02-01,Supplies,Travel expense,404.69,AUD,Approved,MgrA,
CL30064,E1043,2023-11-23,Training,Travel expense,536.12,USD,Submitted,MgrB,
CL30065,E1003,2024-07-18,Entertainment,Travel expense,588.82,EUR,Rejected,MgrA,
CL30066,E1024,2024-11-11,Meals,Travel expense,391.97,USD,Rejected,MgrC,
CL30067,E1092,2023-02-20,Travel,Travel expense,614.89,EUR,Paid,MgrC,2023-03-07
CL30068,E1054,2025-01-13,Training,Travel expense,509.1,CAD,Approved,MgrA,
CL30069,E1060,2024-12-08,Supplies,Travel expense,57.6,USD,Paid,MgrA,2024-12-23
CL30070,E1116,2024-02-13,Travel,Travel expense,430.33,CAD,Approved,MgrA,
CL30071,E1071,2024-12-06,Training,Travel expense,36.85,USD,Approved,MgrC,
CL30072,E1021,2023-06-17,Training,Travel expense,781.78,GBP,Rejected,MgrA,
CL30073,E1115,2023-02-17,Entertainment,Travel expense,314.82,EUR,Submitted,MgrC,
CL30074,E1067,2023-11-27,Training,Travel expense,688.72,CAD,Submitted,MgrB,
CL30075,E1013,2023-03-19,Meals,Travel expense,207.18,GBP,Paid,MgrA,2023-04-03
CL30076,E1017,2024-11-03,Supplies,Travel expense,224.43,GBP,Submitted,MgrB,
CL30077,E1113,2023-01-05,Training,Travel expense,387.38,CAD,Approved,MgrB,
CL30078,E1042,2025-02-02,Meals,Travel expense,198.87,AUD,Submitted,MgrA,
CL30079,E1014,2023-11-25,Meals,Travel expense,650.79,EUR,Approved,MgrB,
CL30080,E1075,2024-12-21,Entertainment,Travel expense,589.39,CAD,Approved,MgrA,
CL30081,E1107,2023-10-22,Supplies,Travel expense,119,USD,Approved,MgrC,
CL30082,E1083,2023-06-10,Entertainment,Travel expense,373.33,USD,Submitted,MgrC,
CL30083,E1073,2023-02-17,Supplies,Travel expense,642.72,GBP,Approved,MgrC,
CL30084,E1036,2023-05-08,Travel,Travel expense,303.82,GBP,Submitted,MgrC,
CL30085,E1050,2024-03-25,Meals,Travel expense,219.81,USD,Submitted,MgrB,
CL30086,E1055,2023-12-23,Supplies,Travel expense,417.37,USD,Rejected,MgrA,
CL30087,E1087,2025-05-20,Entertainment,Travel expense,413.5,CAD,Paid,MgrA,2025-06-04
CL30088,E1054,2024-06-22,Supplies,Travel expense,138.9,CAD,Submitted,MgrA,
CL30089,E1056,2025-06-13,Entertainment,Travel expense,759.59,EUR,Rejected,MgrB,
CL30090,E1057,2023-12-26,Training,Travel expense,776.86,USD,Submitted,MgrC,
CL30091,E1013,2023-10-08,Entertainment,Travel expense,797.04,EUR,Paid,MgrC,2023-10-23
CL30092,E1013,2025-04-20,Entertainment,Travel expense,68.49,AUD,Submitted,MgrB,
CL30093,E1026,2023-08-26,Meals,Travel expense,107.46,CAD,Rejected,MgrB,
CL30094,E1013,2025-06-17,Training,Travel expense,547.54,GBP,Submitted,MgrA,
CL30095,E1071,2023-10-06,Supplies,Travel expense,456.94,USD,Rejected,MgrB,
CL30096,E1005,2024-08-08,Travel,Travel expense,796.01,EUR,Submitted,MgrB,
CL30097,E1023,2023-11-01,Travel,Travel expense,336.83,GBP,Paid,MgrC,2023-11-16
CL30098,E1033,2024-05-16,Supplies,Travel expense,655.66,EUR,Submitted,MgrA,
CL30099,E1054,2023-10-13,Training,Travel expense,707.49,AUD,Paid,MgrB,2023-10-28
CL30100,E1005,2024-06-12,Training,Travel expense,791.32,USD,Approved,MgrA,
CL30101,E1068,2024-05-02,Meals,Travel expense,716.82,CAD,Approved,MgrB,
CL30102,E1104,2023-04-10,Meals,Travel expense,31.13,CAD,Submitted,MgrB,
CL30103,E1032,2023-03-16,Meals,Travel expense,323.47,AUD,Approved,MgrC,
CL30104,E1112,2023-06-08,Training,Travel expense,562.12,GBP,Approved,MgrB,
CL30105,E1067,2023-09-16,Supplies,Travel expense,630.76,USD,Submitted,MgrA,
CL30106,E1119,2025-01-19,Training,Travel expense,131.05,AUD,Approved,MgrA,
CL30107,E1115,2023-09-27,Travel,Travel expense,221.45,AUD,Rejected,MgrB,
CL30108,E1077,2025-03-27,Supplies,Travel expense,431.36,CAD,Rejected,MgrC,
CL30109,E1088,2024-01-17,Entertainment,Travel expense,645.15,GBP,Approved,MgrC,
CL30110,E1046,2023-11-11,Training,Travel expense,195.96,EUR,Submitted,MgrA,
CL30111,E1111,2024-01-30,Entertainment,Travel expense,496.1,CAD,Paid,MgrA,2024-02-14
CL30112,E1002,2025-06-19,Travel,Travel expense,274.33,GBP,Approved,MgrB,
CL30113,E1113,2024-02-07,Meals,Travel expense,666.62,USD,Rejected,MgrC,
CL30114,E1082,2024-03-24,Training,Travel expense,684.94,CAD,Submitted,MgrB,
CL30115,E1103,2023-01-03,Training,Travel expense,454.39,CAD,Rejected,MgrC,
CL30116,E1003,2023-09-13,Training,Travel expense,126.56,USD,Rejected,MgrB,
CL30117,E1055,2023-04-10,Supplies,Travel expense,216.88,AUD,Paid,MgrB,2023-04-25
CL30118,E1016,2025-01-30,Supplies,Travel expense,382.72,USD,Paid,MgrB,2025-02-14
CL30119,E1008,2023-08-04,Training,Travel expense,402.05,USD,Submitted,MgrB,
CL30120,E1035,2024-11-28,Travel,Travel expense,80.36,CAD,Rejected,MgrB,
CL30121,E1032,2023-09-29,Training,Travel expense,308.88,USD,Approved,MgrB,
CL30122,E1064,2023-07-03,Supplies,Travel expense,536.16,EUR,Approved,MgrB,
CL30123,E1046,2023-01-10,Entertainment,Travel expense,300.85,AUD,Rejected,MgrB,
CL30124,E1043,2024-01-31,Travel,Travel expense,729.59,EUR,Approved,MgrA,
CL30125,E1032,2024-04-11,Travel,Travel expense,728.43,CAD,Submitted,MgrB,
CL30126,E1072,2023-06-10,Meals,Travel expense,255.21,AUD,Rejected,MgrC,
CL30127,E1050,2023-06-22,Travel,Travel expense,353.07,CAD,Rejected,MgrB,
CL30128,E1003,2024-08-17,Meals,Travel expense,132.77,AUD,Submitted,MgrA,
CL30129,E1012,2024-06-07,Supplies,Travel expense,480.47,EUR,Approved,MgrA,
CL30130,E1093,2024-10-25,Travel,Travel expense,68.2,USD,Submitted,MgrC,
CL30131,E1111,2024-03-25,Training,Travel expense,489.12,AUD,Submitted,MgrA,
CL30132,E1001,2023-09-18,Meals,Travel expense,36.57,GBP,Approved,MgrC,
CL30133,E1038,2024-09-05,Meals,Travel expense,230.07,EUR,Rejected,MgrC,
CL30134,E1075,2024-03-16,Meals,Travel expense,623.36,AUD,Rejected,MgrA,
CL30135,E1116,2023-10-07,Travel,Travel expense,562.78,CAD,Submitted,MgrA,
CL30136,E1008,2024-03-21,Travel,Travel expense,123.35,USD,Approved,MgrB,
CL30137,E1056,2023-08-10,Entertainment,Travel expense,620.18,CAD,Rejected,MgrB,
CL30138,E1017,2025-06-07,Entertainment,Travel expense,317.8,EUR,Approved,MgrB,
CL30139,E1010,2025-03-06,Entertainment,Travel expense,338.95,CAD,Rejected,MgrC,
CL30140,E1069,2023-09-27,Entertainment,Travel expense,22.58,USD,Paid,MgrA,2023-10-12
CL30141,E1022,2023-08-23,Travel,Travel expense,437.96,CAD,Submitted,MgrC,
CL30142,E1098,2023-08-10,Entertainment,Travel expense,349.41,AUD,Submitted,MgrA,
CL30143,E1066,2023-06-22,Travel,Travel expense,338.93,EUR,Rejected,MgrB,
CL30144,E1109,2023-08-23,Travel,Travel expense,135.24,GBP,Approved,MgrC,
CL30145,E1047,2023-01-16,Entertainment,Travel expense,460.95,CAD,Paid,MgrC,2023-01-31
CL30146,E1064,2024-03-04,Training,Travel expense,783.51,CAD,Submitted,MgrB,
CL30147,E1056,2024-12-14,Entertainment,Travel expense,259.25,EUR,Submitted,MgrC,
CL30148,E1107,2024-06-26,Training,Travel expense,795.64,USD,Rejected,MgrC,
CL30149,E1033,2024-07-03,Travel,Travel expense,150.08,USD,Paid,MgrC,2024-07-18
CL30150,E1075,2025-01-09,Meals,Travel expense,468.66,GBP,Rejected,MgrA,
CL30151,E1054,2025-05-06,Supplies,Travel expense,215.09,GBP,Rejected,MgrB,
CL30152,E1017,2023-08-17,Travel,Travel expense,249.65,AUD,Approved,MgrB,
CL30153,E1034,2023-08-29,Entertainment,Travel expense,20.15,EUR,Paid,MgrA,2023-09-13
CL30154,E1082,2023-03-28,Meals,Travel expense,603.91,USD,Rejected,MgrC,
CL30155,E1003,2024-12-30,Entertainment,Travel expense,283.74,AUD,Submitted,MgrA,
CL30156,E1104,2024-07-11,Meals,Travel expense,239.94,EUR,Paid,MgrC,2024-07-26
CL30157,E1000,2023-08-15,Training,Travel expense,246.02,CAD,Approved,MgrB,
CL30158,E1081,2024-11-26,Travel,Travel expense,81.08,CAD,Submitted,MgrB,
CL30159,E1028,2023-10-18,Travel,Travel expense,380.52,GBP,Rejected,MgrC,
CL30160,E1102,2025-01-06,Travel,Travel expense,338.32,GBP,Submitted,MgrC,
CL30161,E1052,2024-02-22,Travel,Travel expense,429.51,CAD,Submitted,MgrA,
CL30162,E1000,2025-04-05,Entertainment,Travel expense,656.13,EUR,Paid,MgrA,2025-04-20
CL30163,E1021,2023-06-01,Travel,Travel expense,744.38,USD,Rejected,MgrC,
CL30164,E1013,2025-06-18,Supplies,Travel expense,761.69,AUD,Paid,MgrC,2025-07-03
CL30165,E1082,2025-05-04,Entertainment,Travel expense,518.87,GBP,Approved,MgrA,
CL30166,E1063,2024-10-22,Travel,Travel expense,81.7,USD,Rejected,MgrA,
CL30167,E1046,2023-02-02,Meals,Travel expense,106.77,CAD,Submitted,MgrC,
CL30168,E1067,2024-07-10,Meals,Travel expense,425.64,CAD,Paid,MgrA,2024-07-25
CL30169,E1108,2024-01-06,Entertainment,Travel expense,312.12,USD,Rejected,MgrA,
CL30170,E1083,2025-05-25,Training,Travel expense,389.97,AUD,Submitted,MgrC,
CL30171,E1014,2023-04-13,Training,Travel expense,367.46,USD,Rejected,MgrA,
CL30172,E1090,2023-06-26,Meals,Travel expense,448.83,AUD,Approved,MgrA,
CL30173,E1012,2023-11-23,Entertainment,Travel expense,367.26,USD,Submitted,MgrA,
CL30174,E1096,2023-08-28,Supplies,Travel expense,218.52,GBP,Paid,MgrC,2023-09-12
CL30175,E1091,2023-07-19,Entertainment,Travel expense,631.05,GBP,Rejected,MgrB,
CL30176,E1052,2024-07-28,Travel,Travel expense,436.02,EUR,Approved,MgrA,
CL30177,E1113,2023-10-29,Training,Travel expense,205.16,CAD,Rejected,MgrC,
CL30178,E1067,2025-04-16,Meals,Travel expense,116.81,AUD,Rejected,MgrC,
CL30179,E1070,2023-10-01,Training,Travel expense,599.91,AUD,Submitted,MgrA,
CL30180,E1106,2023-02-15,Meals,Travel expense,687.09,EUR,Approved,MgrA,
CL30181,E1042,2025-04-03,Supplies,Travel expense,492.19,EUR,Submitted,MgrB,
CL30182,E1069,2023-08-29,Training,Travel expense,623.15,AUD,Paid,MgrB,2023-09-13
CL30183,E1013,2025-05-10,Supplies,Travel expense,614.44,USD,Rejected,MgrC,
CL30184,E1072,2025-05-28,Training,Travel expense,211.2,CAD,Approved,MgrB,
CL30185,E1069,2025-05-02,Meals,Travel expense,89.63,AUD,Submitted,MgrA,
CL30186,E1115,2025-06-04,Supplies,Travel expense,692.25,EUR,Paid,MgrA,2025-06-19
CL30187,E1067,2024-06-21,Training,Travel expense,366.9,EUR,Rejected,MgrA,
CL30188,E1024,2023-09-05,Supplies,Travel expense,617.77,USD,Rejected,MgrA,
CL30189,E1111,2025-03-02,Training,Travel expense,690.48,AUD,Submitted,MgrB,
CL30190,E1077,2023-04-10,Training,Travel expense,592.89,CAD,Paid,MgrB,2023-04-25
CL30191,E1010,2023-10-13,Travel,Travel expense,217.3,AUD,Submitted,MgrA,
CL30192,E1008,2024-11-09,Supplies,Travel expense,576.16,CAD,Approved,MgrB,
CL30193,E1004,2023-05-21,Meals,Travel expense,70.19,CAD,Approved,MgrC,
CL30194,E1067,2025-03-13,Meals,Travel expense,242.47,GBP,Submitted,MgrC,
CL30195,E1107,2024-01-22,Meals,Travel expense,541.56,CAD,Rejected,MgrC,
CL30196,E1112,2025-01-08,Meals,Travel expense,509.64,EUR,Approved,MgrA,
CL30197,E1078,2023-12-15,Entertainment,Travel expense,515.85,CAD,Approved,MgrA,
CL30198,E1036,2023-12-30,Meals,Travel expense,250.57,EUR,Approved,MgrC,
CL30199,E1050,2025-03-13,Entertainment,Travel expense,361.67,GBP,Submitted,MgrB,
CL30200,E1107,2023-01-05,Training,Travel expense,390.47,CAD,Submitted,MgrB,
CL30201,E1113,2025-03-31,Meals,Travel expense,510.18,GBP,Rejected,MgrA,
CL30202,E1103,2025-06-07,Training,Travel expense,470.56,CAD,Submitted,MgrC,
CL30203,E1071,2024-04-14,Supplies,Travel expense,556.15,EUR,Rejected,MgrC,
CL30204,E1021,2024-01-09,Meals,Travel expense,94.66,EUR,Submitted,MgrA,
CL30205,E1057,2024-06-29,Training,Travel expense,613.88,AUD,Rejected,MgrA,
CL30206,E1108,2025-02-27,Travel,Travel expense,467.78,USD,Paid,MgrA,2025-03-14
CL30207,E1057,2025-01-16,Supplies,Travel expense,487.62,EUR,Approved,MgrB,
CL30208,E1015,2024-06-22,Meals,Travel expense,483.87,AUD,Paid,MgrA,2024-07-07
CL30209,E1091,2024-04-11,Meals,Travel expense,559.13,CAD,Rejected,MgrC,
CL30210,E1105,2024-10-26,Entertainment,Travel expense,769.66,USD,Rejected,MgrB,
CL30211,E1001,2025-02-11,Training,Travel expense,146.14,AUD,Approved,MgrC,
CL30212,E1079,2024-03-04,Supplies,Travel expense,370.23,USD,Rejected,MgrC,
CL30213,E1008,2024-11-04,Entertainment,Travel expense,391.7,EUR,Submitted,MgrB,
CL30214,E1027,2024-07-18,Supplies,Travel expense,176.82,EUR,Approved,MgrA,
CL30215,E1021,2023-12-11,Training,Travel expense,158.2,CAD,Rejected,MgrB,
CL30216,E1058,2024-04-09,Entertainment,Travel expense,621.23,USD,Rejected,MgrC,
CL30217,E1037,2024-02-27,Supplies,Travel expense,629.16,GBP,Rejected,MgrC,
CL30218,E1023,2023-04-18,Travel,Travel expense,262.25,USD,Submitted,MgrB,
CL30219,E1026,2023-05-10,Meals,Travel expense,489.85,GBP,Submitted,MgrA,
CL30220,E1085,2024-05-01,Travel,Travel expense,667.2,AUD,Approved,MgrB,
CL30221,E1050,2023-12-09,Training,Travel expense,731.1,AUD,Paid,MgrB,2023-12-24
CL30222,E1103,2023-05-16,Meals,Travel expense,459.04,USD,Rejected,MgrA,
CL30223,E1024,2025-05-19,Supplies,Travel expense,729.86,AUD,Rejected,MgrA,
CL30224,E1082,2025-03-17,Supplies,Travel expense,47.25,AUD,Rejected,MgrC,
CL30225,E1002,2023-09-11,Meals,Travel expense,66.55,EUR,Rejected,MgrB,
CL30226,E1009,2024-07-16,Training,Travel expense,445.39,AUD,Rejected,MgrC,
CL30227,E1074,2024-12-10,Meals,Travel expense,223.78,CAD,Paid,MgrC,2024-12-25
CL30228,E1077,2024-07-22,Training,Travel expense,766.5,GBP,Approved,MgrA,
CL30229,E1055,2023-09-18,Training,Travel expense,91.87,USD,Submitted,MgrA,
CL30230,E1080,2023-04-11,Meals,Travel expense,60.99,GBP,Submitted,MgrB,
CL30231,E1010,2024-06-22,Supplies,Travel expense,714.11,EUR,Submitted,MgrA,
CL30232,E1019,2023-04-05,Meals,Travel expense,391.49,GBP,Rejected,MgrB,
CL30233,E1032,2023-02-17,Travel,Travel expense,206.85,GBP,Approved,MgrB,
CL30234,E1019,2023-03-17,Meals,Travel expense,622.08,USD,Paid,MgrC,2023-04-01
CL30235,E1112,2024-09-29,Training,Travel expense,86.62,GBP,Paid,MgrA,2024-10-14
CL30236,E1054,2025-01-15,Supplies,Travel expense,722.72,USD,Paid,MgrA,2025-01-30
CL30237,E1009,2025-04-15,Meals,Travel expense,731.85,USD,Approved,MgrA,
CL30238,E1019,2023-04-19,Supplies,Travel expense,341.81,EUR,Submitted,MgrA,
CL30239,E1093,2024-08-02,Training,Travel expense,580.92,CAD,Submitted,MgrB,
CL30240,E1119,2023-12-17,Training,Travel expense,466.05,USD,Approved,MgrA,
CL30241,E1070,2024-05-21,Training,Travel expense,24.54,GBP,Rejected,MgrC,
CL30242,E1087,2023-12-25,Supplies,Travel expense,717.15,AUD,Paid,MgrC,2024-01-09
CL30243,E1007,2024-10-06,Meals,Travel expense,255.61,EUR,Rejected,MgrC,
CL30244,E1116,2024-08-29,Travel,Travel expense,404.76,AUD,Approved,MgrC,
CL30245,E1096,2023-02-21,Entertainment,Travel expense,82.29,GBP,Rejected,MgrB,
CL30246,E1102,2023-01-12,Travel,Travel expense,28.88,USD,Rejected,MgrB,
CL30247,E1046,2023-03-29,Travel,Travel expense,796.21,EUR,Approved,MgrC,
CL30248,E1013,2023-08-06,Entertainment,Travel expense,391.87,USD,Submitted,MgrA,
CL30249,E1035,2024-03-10,Entertainment,Travel expense,259.58,AUD,Paid,MgrB,2024-03-25
CL30250,E1093,2023-06-03,Supplies,Travel expense,708.18,CAD,Paid,MgrC,2023-06-18
CL30251,E1040,2023-02-14,Training,Travel expense,371.53,EUR,Paid,MgrC,2023-03-01
CL30252,E1013,2023-09-27,Meals,Travel expense,116.51,CAD,Approved,MgrC,
CL30253,E1026,2023-03-11,Supplies,Travel expense,136.32,EUR,Submitted,MgrC,
CL30254,E1082,2023-12-30,Supplies,Travel expense,271.47,EUR,Submitted,MgrB,
CL30255,E1050,2024-05-28,Training,Travel expense,289.69,USD,Submitted,MgrA,
CL30256,E1062,2023-06-15,Entertainment,Travel expense,402.59,EUR,Paid,MgrB,2023-06-30
CL30257,E1059,2025-04-15,Training,Travel expense,653.5,AUD,Approved,MgrB,
CL30258,E1113,2023-11-12,Supplies,Travel expense,259.08,GBP,Rejected,MgrC,
CL30259,E1088,2023-01-30,Entertainment,Travel expense,176.23,GBP,Rejected,MgrB,
CL30260,E1100,2023-03-27,Entertainment,Travel expense,339.08,AUD,Submitted,MgrB,
CL30261,E1090,2024-01-17,Travel,Travel expense,324.38,USD,Approved,MgrC,
CL30262,E1059,2024-02-21,Entertainment,Travel expense,572.25,EUR,Submitted,MgrA,
CL30263,E1018,2024-05-05,Training,Travel expense,32.46,CAD,Approved,MgrB,
CL30264,E1045,2024-03-02,Travel,Travel expense,247.84,GBP,Rejected,MgrB,
CL30265,E1045,2024-08-05,Meals,Travel expense,93.91,EUR,Submitted,MgrA,
CL30266,E1001,2025-03-18,Supplies,Travel expense,59.5,AUD,Approved,MgrB,
CL30267,E1040,2023-12-11,Meals,Travel expense,407.25,AUD,Approved,MgrB,
CL30268,E1103,2023-01-06,Entertainment,Travel expense,64.96,CAD,Rejected,MgrA,
CL30269,E1015,2024-11-11,Training,Travel expense,525.56,EUR,Paid,MgrA,2024-11-26
CL30270,E1062,2024-09-07,Meals,Travel expense,763.36,EUR,Approved,MgrB,
CL30271,E1070,2025-03-16,Travel,Travel expense,616.5,GBP,Approved,MgrB,
CL30272,E1043,2025-03-15,Training,Travel expense,163.71,EUR,Submitted,MgrB,
CL30273,E1047,2024-08-15,Training,Travel expense,407.96,CAD,Submitted,MgrB,
CL30274,E1007,2023-08-02,Entertainment,Travel expense,445.15,GBP,Paid,MgrC,2023-08-17
CL30275,E1117,2025-06-27,Supplies,Travel expense,674.86,AUD,Submitted,MgrA,
CL30276,E1109,2023-10-08,Training,Travel expense,337.92,EUR,Approved,MgrB,
CL30277,E1067,2024-08-13,Travel,Travel expense,454.43,AUD,Approved,MgrA,
CL30278,E1050,2023-01-08,Meals,Travel expense,683.74,AUD,Submitted,MgrC,
CL30279,E1107,2023-06-27,Meals,Travel expense,304.27,CAD,Paid,MgrC,2023-07-12
CL30280,E1051,2023-06-13,Training,Travel expense,198.48,CAD,Approved,MgrB,
CL30281,E1097,2024-01-19,Training,Travel expense,64.66,USD,Submitted,MgrA,
CL30282,E1104,2023-08-01,Supplies,Travel expense,398.39,GBP,Approved,MgrB,
CL30283,E1099,2023-11-13,Meals,Travel expense,448.63,GBP,Submitted,MgrB,
CL30284,E1022,2023-04-09,Entertainment,Travel expense,322.81,CAD,Approved,MgrC,
CL30285,E1032,2024-03-22,Entertainment,Travel expense,185.43,USD,Rejected,MgrC,
CL30286,E1068,2024-11-07,Meals,Travel expense,588.23,USD,Approved,MgrB,
CL30287,E1040,2025-05-17,Training,Travel expense,798.77,USD,Submitted,MgrA,
CL30288,E1035,2024-08-31,Travel,Travel expense,312.02,USD,Submitted,MgrB,
CL30289,E1109,2024-03-05,Travel,Travel expense,354.85,CAD,Rejected,MgrA,
CL30290,E1065,2023-05-01,Meals,Travel expense,46.28,USD,Approved,MgrB,
CL30291,E1045,2023-07-28,Meals,Travel expense,128.09,USD,Paid,MgrB,2023-08-12
CL30292,E1006,2025-05-03,Meals,Travel expense,794.56,EUR,Approved,MgrB,
CL30293,E1045,2024-05-05,Entertainment,Travel expense,95.22,EUR,Approved,MgrA,
CL30294,E1084,2025-05-22,Entertainment,Travel expense,676.95,USD,Submitted,MgrB,
CL30295,E1055,2024-07-10,Training,Travel expense,560.11,EUR,Submitted,MgrB,
CL30296,E1075,2023-07-05,Training,Travel expense,320.61,GBP,Paid,MgrC,2023-07-20
CL30297,E1004,2023-01-30,Supplies,Travel expense,586.84,USD,Paid,MgrB,2023-02-14
CL30298,E1048,2023-12-22,Supplies,Travel expense,140.75,USD,Submitted,MgrC,
CL30299,E1038,2024-11-02,Entertainment,Travel expense,609.83,GBP,Approved,MgrB,
CL30300,E1098,2023-06-23,Entertainment,Travel expense,247.87,GBP,Submitted,MgrA,
CL30301,E1079,2024-07-30,Entertainment,Travel expense,472.51,CAD,Rejected,MgrB,
CL30302,E1055,2023-03-20,Meals,Travel expense,490.67,AUD,Submitted,MgrA,
CL30303,E1032,2025-02-14,Training,Travel expense,743.54,USD,Approved,MgrA,
CL30304,E1025,2025-04-03,Travel,Travel expense,257.59,CAD,Rejected,MgrC,
CL30305,E1029,2024-10-25,Supplies,Travel expense,65.94,AUD,Submitted,MgrC,
CL30306,E1119,2023-07-13,Travel,Travel expense,629.5,CAD,Rejected,MgrA,
CL30307,E1054,2025-02-21,Travel,Travel expense,563.27,GBP,Submitted,MgrB,
CL30308,E1081,2023-12-01,Travel,Travel expense,513.62,GBP,Rejected,MgrB,
CL30309,E1005,2024-11-30,Travel,Travel expense,130.13,CAD,Paid,MgrA,2024-12-15
CL30310,E1038,2023-12-16,Supplies,Travel expense,50.07,GBP,Submitted,MgrA,
CL30311,E1068,2025-03-31,Training,Travel expense,56.56,GBP,Approved,MgrB,
CL30312,E1017,2024-08-18,Supplies,Travel expense,327.33,EUR,Submitted,MgrB,
CL30313,E1100,2023-03-10,Meals,Travel expense,33.83,CAD,Rejected,MgrA,
CL30314,E1106,2025-03-08,Supplies,Travel expense,724.38,AUD,Paid,MgrC,2025-03-23
CL30315,E1034,2023-02-01,Supplies,Travel expense,267.31,AUD,Rejected,MgrB,
CL30316,E1073,2024-01-02,Meals,Travel expense,633.9,EUR,Paid,MgrC,2024-01-17
CL30317,E1056,2023-09-29,Meals,Travel expense,397.15,CAD,Submitted,MgrB,
CL30318,E1002,2023-06-05,Meals,Travel expense,248.75,CAD,Rejected,MgrA,
CL30319,E1025,2025-03-22,Training,Travel expense,320.19,GBP,Submitted,MgrC,
CL30320,E1057,2023-09-23,Supplies,Travel expense,73.36,CAD,Paid,MgrA,2023-10-08
CL30321,E1059,2025-04-19,Meals,Travel expense,445.19,CAD,Paid,MgrB,2025-05-04
CL30322,E1024,2023-09-23,Entertainment,Travel expense,454.27,GBP,Rejected,MgrB,
CL30323,E1099,2023-06-03,Supplies,Travel expense,386.91,USD,Approved,MgrC,
CL30324,E1049,2024-12-02,Entertainment,Travel expense,265.87,USD,Rejected,MgrC,
CL30325,E1077,2024-10-13,Meals,Travel expense,364.35,EUR,Rejected,MgrB,
CL30326,E1074,2024-10-11,Entertainment,Travel expense,89.12,AUD,Approved,MgrA,
CL30327,E1103,2023-09-05,Supplies,Travel expense,93.96,CAD,Paid,MgrB,2023-09-20
CL30328,E1005,2024-05-10,Training,Travel expense,608.7,EUR,Submitted,MgrC,
CL30329,E1057,2023-07-22,Supplies,Travel expense,42.7,USD,Rejected,MgrC,
CL30330,E1093,2025-04-06,Training,Travel expense,343.5,CAD,Approved,MgrB,
CL30331,E1019,2024-01-12,Travel,Travel expense,726.15,USD,Rejected,MgrA,
CL30332,E1099,2023-05-24,Meals,Travel expense,548.05,AUD,Approved,MgrB,
CL30333,E1092,2023-04-14,Entertainment,Travel expense,542.13,USD,Paid,MgrA,2023-04-29
CL30334,E1047,2024-05-13,Entertainment,Travel expense,445.19,GBP,Approved,MgrC,
CL30335,E1021,2023-08-30,Supplies,Travel expense,171.94,USD,Approved,MgrC,
CL30336,E1099,2024-07-30,Travel,Travel expense,411.72,USD,Submitted,MgrA,
CL30337,E1112,2025-05-05,Travel,Travel expense,62.81,EUR,Approved,MgrA,
CL30338,E1049,2024-01-31,Supplies,Travel expense,544.24,CAD,Approved,MgrC,
CL30339,E1080,2023-03-20,Training,Travel expense,403.74,GBP,Approved,MgrB,
CL30340,E1062,2023-02-18,Supplies,Travel expense,333.4,AUD,Paid,MgrC,2023-03-05
CL30341,E1114,2024-12-23,Entertainment,Travel expense,234.67,AUD,Rejected,MgrC,
CL30342,E1112,2023-08-22,Training,Travel expense,605.37,AUD,Approved,MgrC,
CL30343,E1008,2024-01-24,Supplies,Travel expense,576.5,CAD,Approved,MgrC,
CL30344,E1082,2025-01-21,Entertainment,Travel expense,780.13,AUD,Paid,MgrA,2025-02-05
CL30345,E1031,2024-05-09,Supplies,Travel expense,158.73,CAD,Paid,MgrA,2024-05-24
CL30346,E1005,2023-02-16,Supplies,Travel expense,54.53,GBP,Approved,MgrA,
CL30347,E1057,2023-07-18,Supplies,Travel expense,601.66,GBP,Approved,MgrA,
CL30348,E1097,2023-01-05,Training,Travel expense,407.6,AUD,Approved,MgrA,
CL30349,E1086,2023-08-05,Meals,Travel expense,523.49,USD,Approved,MgrB,
CL30350,E1064,2023-05-27,Travel,Travel expense,477.32,EUR,Submitted,MgrB,
CL30351,E1011,2023-04-20,Supplies,Travel expense,215.71,USD,Approved,MgrC,
CL30352,E1052,2023-05-08,Travel,Travel expense,103.74,AUD,Rejected,MgrC,
CL30353,E1083,2023-08-31,Travel,Travel expense,402.76,CAD,Approved,MgrC,
CL30354,E1012,2023-04-26,Training,Travel expense,295.49,CAD,Rejected,MgrA,
CL30355,E1094,2025-03-26,Supplies,Travel expense,105.85,USD,Rejected,MgrC,
CL30356,E1115,2023-07-25,Entertainment,Travel expense,279.12,EUR,Paid,MgrA,2023-08-09
CL30357,E1116,2024-04-04,Travel,Travel expense,601.74,CAD,Submitted,MgrA,
CL30358,E1068,2023-09-27,Meals,Travel expense,67.79,AUD,Submitted,MgrB,
CL30359,E1086,2025-06-27,Travel,Travel expense,452.55,CAD,Rejected,MgrC,
CL30360,E1116,2023-06-04,Travel,Travel expense,328.78,AUD,Paid,MgrC,2023-06-19
CL30361,E1040,2024-10-19,Meals,Travel expense,139.41,CAD,Approved,MgrB,
CL30362,E1059,2023-03-03,Travel,Travel expense,330.9,USD,Submitted,MgrB,
CL30363,E1011,2023-05-04,Entertainment,Travel expense,545.84,USD,Submitted,MgrB,
CL30364,E1106,2023-05-25,Supplies,Travel expense,744.83,AUD,Rejected,MgrC,
CL30365,E1077,2024-04-10,Meals,Travel expense,261.86,CAD,Rejected,MgrB,
CL30366,E1010,2025-04-11,Training,Travel expense,331.98,EUR,Approved,MgrC,
CL30367,E1053,2023-07-15,Travel,Travel expense,197.3,EUR,Submitted,MgrA,
CL30368,E1017,2024-07-12,Supplies,Travel expense,640.02,CAD,Submitted,MgrC,
CL30369,E1089,2023-12-17,Travel,Travel expense,349.78,EUR,Approved,MgrB,
CL30370,E1043,2025-05-27,Entertainment,Travel expense,683.58,AUD,Approved,MgrB,
CL30371,E1086,2024-06-19,Entertainment,Travel expense,128.26,CAD,Approved,MgrB,
CL30372,E1005,2023-03-10,Meals,Travel expense,405.35,GBP,Paid,MgrC,2023-03-25
CL30373,E1103,2024-09-03,Meals,Travel expense,557.52,GBP,Rejected,MgrC,
CL30374,E1075,2023-01-08,Supplies,Travel expense,404.27,AUD,Submitted,MgrA,
CL30375,E1058,2023-12-02,Meals,Travel expense,637.8,GBP,Paid,MgrB,2023-12-17
CL30376,E1007,2023-01-01,Supplies,Travel expense,573.75,USD,Submitted,MgrC,
CL30377,E1083,2023-01-12,Travel,Travel expense,485.79,CAD,Paid,MgrA,2023-01-27
CL30378,E1051,2024-05-25,Meals,Travel expense,61.14,EUR,Paid,MgrC,2024-06-09
CL30379,E1118,2024-08-07,Meals,Travel expense,529.49,GBP,Rejected,MgrC,
CL30380,E1119,2023-11-27,Entertainment,Travel expense,517.46,USD,Approved,MgrC,
CL30381,E1112,2023-03-01,Entertainment,Travel expense,250.8,USD,Paid,MgrA,2023-03-16
CL30382,E1031,2024-08-04,Travel,Travel expense,157.99,USD,Paid,MgrC,2024-08-19
CL30383,E1045,2024-04-09,Training,Travel expense,27.44,USD,Rejected,MgrC,
CL30384,E1105,2024-06-22,Meals,Travel expense,136.23,AUD,Submitted,MgrB,
CL30385,E1005,2023-04-23,Entertainment,Travel expense,239,GBP,Approved,MgrB,
CL30386,E1098,2023-07-15,Entertainment,Travel expense,211.28,AUD,Rejected,MgrA,
CL30387,E1089,2023-06-08,Supplies,Travel expense,765.7,USD,Submitted,MgrC,
CL30388,E1081,2024-12-14,Training,Travel expense,113.92,AUD,Approved,MgrA,
CL30389,E1110,2023-03-18,Travel,Travel expense,651.42,EUR,Submitted,MgrB,
CL30390,E1039,2025-03-12,Entertainment,Travel expense,98.47,AUD,Approved,MgrC,
CL30391,E1056,2025-03-25,Training,Travel expense,370.84,GBP,Submitted,MgrA,
CL30392,E1119,2023-01-13,Travel,Travel expense,144.98,USD,Paid,MgrB,2023-01-28
CL30393,E1078,2025-01-08,Training,Travel expense,46.17,GBP,Paid,MgrB,2025-01-23
CL30394,E1016,2025-06-23,Meals,Travel expense,640.32,GBP,Rejected,MgrC,
CL30395,E1060,2024-03-23,Entertainment,Travel expense,118.48,EUR,Rejected,MgrC,
CL30396,E1008,2023-12-28,Entertainment,Travel expense,297.32,USD,Rejected,MgrB,
CL30397,E1007,2023-11-09,Meals,Travel expense,729.73,GBP,Submitted,MgrB,
CL30398,E1031,2025-06-25,Travel,Travel expense,124.58,AUD,Rejected,MgrA,
CL30399,E1043,2023-03-29,Meals,Travel expense,373.91,EUR,Approved,MgrC,
CL30400,E1008,2024-10-03,Travel,Travel expense,175.7,GBP,Submitted,MgrB,
CL30401,E1051,2025-05-11,Entertainment,Travel expense,216.02,CAD,Approved,MgrC,
CL30402,E1107,2023-09-21,Training,Travel expense,156.12,CAD,Submitted,MgrB,
CL30403,E1086,2024-05-30,Meals,Travel expense,428.53,GBP,Rejected,MgrC,
CL30404,E1107,2024-03-05,Entertainment,Travel expense,95.1,EUR,Rejected,MgrA,
CL30405,E1043,2024-11-09,Travel,Travel expense,298.96,USD,Paid,MgrC,2024-11-24
CL30406,E1080,2023-03-06,Meals,Travel expense,793.8,EUR,Rejected,MgrA,
CL30407,E1025,2023-01-09,Entertainment,Travel expense,459.04,AUD,Rejected,MgrA,
CL30408,E1114,2025-02-12,Entertainment,Travel expense,489.63,EUR,Submitted,MgrB,
CL30409,E1045,2023-03-01,Training,Travel expense,285.58,AUD,Paid,MgrB,2023-03-16
CL30410,E1057,2024-04-08,Travel,Travel expense,543.02,GBP,Paid,MgrB,2024-04-23
CL30411,E1070,2025-04-07,Meals,Travel expense,790.05,AUD,Approved,MgrB,
CL30412,E1021,2023-06-16,Training,Travel expense,777.35,EUR,Rejected,MgrA,
CL30413,E1022,2025-06-22,Travel,Travel expense,497.63,EUR,Submitted,MgrC,
CL30414,E1037,2023-03-23,Entertainment,Travel expense,518.06,CAD,Rejected,MgrB,
CL30415,E1053,2024-06-17,Training,Travel expense,631.91,GBP,Paid,MgrC,2024-07-02
CL30416,E1112,2023-10-11,Travel,Travel expense,101.28,USD,Paid,MgrB,2023-10-26
CL30417,E1019,2023-05-17,Travel,Travel expense,725.79,CAD,Approved,MgrB,
CL30418,E1028,2023-11-12,Meals,Travel expense,202.77,GBP,Paid,MgrA,2023-11-27
CL30419,E1056,2023-03-19,Travel,Travel expense,323.31,CAD,Rejected,MgrC,
CL30420,E1014,2023-02-09,Training,Travel expense,61.37,EUR,Submitted,MgrB,
CL30421,E1099,2025-03-23,Travel,Travel expense,529.31,CAD,Submitted,MgrC,
CL30422,E1038,2025-01-11,Meals,Travel expense,711.96,CAD,Rejected,MgrC,
CL30423,E1054,2025-06-21,Training,Travel expense,265.24,USD,Paid,MgrB,2025-07-06
CL30424,E1003,2023-11-28,Meals,Travel expense,125.52,CAD,Paid,MgrA,2023-12-13
CL30425,E1051,2023-01-22,Travel,Travel expense,389.17,USD,Submitted,MgrA,
CL30426,E1059,2025-03-14,Travel,Travel expense,246.52,GBP,Rejected,MgrB,
CL30427,E1013,2023-06-28,Meals,Travel expense,312.08,USD,Approved,MgrC,
CL30428,E1064,2025-05-06,Meals,Travel expense,329.88,GBP,Rejected,MgrB,
CL30429,E1090,2023-02-24,Entertainment,Travel expense,660.18,AUD,Rejected,MgrA,
CL30430,E1026,2025-06-17,Entertainment,Travel expense,417.67,CAD,Paid,MgrC,2025-07-02
CL30431,E1114,2024-11-23,Training,Travel expense,168.71,AUD,Approved,MgrB,
CL30432,E1039,2023-12-08,Meals,Travel expense,639.7,USD,Rejected,MgrB,
CL30433,E1096,2024-09-28,Travel,Travel expense,140.92,CAD,Approved,MgrB,
CL30434,E1119,2025-02-28,Meals,Travel expense,442.52,GBP,Submitted,MgrA,
CL30435,E1030,2025-02-09,Meals,Travel expense,73.36,AUD,Submitted,MgrB,
CL30436,E1053,2024-12-20,Supplies,Travel expense,583.13,USD,Submitted,MgrB,
CL30437,E1006,2023-05-02,Supplies,Travel expense,725.39,USD,Paid,MgrB,2023-05-17
CL30438,E1000,2023-11-29,Training,Travel expense,794.42,GBP,Paid,MgrA,2023-12-14
CL30439,E1007,2024-09-02,Meals,Travel expense,716.14,AUD,Submitted,MgrC,
CL30440,E1112,2024-10-01,Meals,Travel expense,601.66,EUR,Paid,MgrB,2024-10-16
CL30441,E1010,2023-09-15,Entertainment,Travel expense,367.37,GBP,Approved,MgrB,
CL30442,E1000,2025-03-13,Meals,Travel expense,149.95,GBP,Approved,MgrA,
CL30443,E1035,2024-12-14,Training,Travel expense,268.95,GBP,Paid,MgrA,2024-12-29
CL30444,E1074,2023-08-25,Training,Travel expense,312.64,AUD,Paid,MgrB,2023-09-09
CL30445,E1044,2023-01-29,Travel,Travel expense,360.69,GBP,Submitted,MgrA,
CL30446,E1048,2025-03-23,Supplies,Travel expense,358.25,CAD,Rejected,MgrB,
CL30447,E1106,2025-01-28,Meals,Travel expense,285.46,EUR,Submitted,MgrA,
CL30448,E1077,2025-03-26,Supplies,Travel expense,322.39,EUR,Paid,MgrA,2025-04-10
CL30449,E1075,2025-05-27,Travel,Travel expense,511.52,USD,Paid,MgrA,2025-06-11
CL30450,E1088,2024-05-26,Supplies,Travel expense,397.43,GBP,Submitted,MgrC,
CL30451,E1095,2025-01-05,Entertainment,Travel expense,626.7,CAD,Rejected,MgrA,
CL30452,E1040,2023-05-17,Training,Travel expense,258.03,GBP,Submitted,MgrB,
CL30453,E1025,2024-04-14,Travel,Travel expense,123.77,GBP,Approved,MgrC,
CL30454,E1001,2024-12-26,Entertainment,Travel expense,271.73,EUR,Paid,MgrA,2025-01-10
CL30455,E1112,2024-07-06,Supplies,Travel expense,531.8,CAD,Submitted,MgrB,
CL30456,E1030,2023-06-28,Entertainment,Travel expense,299.85,USD,Paid,MgrB,2023-07-13
CL30457,E1057,2024-05-30,Supplies,Travel expense,282.3,GBP,Submitted,MgrB,
CL30458,E1077,2024-11-27,Travel,Travel expense,476.75,AUD,Rejected,MgrB,
CL30459,E1001,2024-01-26,Entertainment,Travel expense,324.24,CAD,Submitted,MgrB,
CL30460,E1093,2024-12-23,Training,Travel expense,383.65,USD,Rejected,MgrC,
CL30461,E1109,2025-01-29,Supplies,Travel expense,788.82,CAD,Rejected,MgrC,
CL30462,E1070,2024-03-22,Supplies,Travel expense,722.25,AUD,Approved,MgrB,
CL30463,E1097,2023-03-22,Entertainment,Travel expense,392.37,EUR,Approved,MgrC,
CL30464,E1099,2023-03-21,Supplies,Travel expense,643.06,AUD,Approved,MgrA,
CL30465,E1002,2023-07-07,Training,Travel expense,612.39,CAD,Approved,MgrA,
CL30466,E1113,2024-12-15,Supplies,Travel expense,243.16,CAD,Paid,MgrB,2024-12-30
CL30467,E1055,2023-12-08,Supplies,Travel expense,39.35,CAD,Submitted,MgrA,
CL30468,E1012,2024-04-02,Supplies,Travel expense,622.29,USD,Submitted,MgrA,
CL30469,E1061,2024-03-21,Travel,Travel expense,378.33,USD,Submitted,MgrC,
CL30470,E1008,2024-05-28,Supplies,Travel expense,84.1,EUR,Rejected,MgrC,
CL30471,E1028,2023-12-17,Travel,Travel expense,453.7,USD,Paid,MgrB,2024-01-01
CL30472,E1087,2023-04-15,Meals,Travel expense,471.63,AUD,Rejected,MgrA,
CL30473,E1080,2023-10-07,Meals,Travel expense,355.89,CAD,Paid,MgrC,2023-10-22
CL30474,E1031,2024-08-09,Training,Travel expense,736.57,EUR,Paid,MgrA,2024-08-24
CL30475,E1023,2023-10-31,Meals,Travel expense,485.15,GBP,Rejected,MgrC,
CL30476,E1005,2025-05-21,Travel,Travel expense,794.54,AUD,Approved,MgrA,
CL30477,E1074,2024-05-22,Travel,Travel expense,425.12,USD,Paid,MgrC,2024-06-06
CL30478,E1042,2024-04-06,Travel,Travel expense,544.86,EUR,Submitted,MgrA,
CL30479,E1019,2024-11-02,Supplies,Travel expense,694.97,USD,Submitted,MgrC,
CL30480,E1113,2024-05-22,Supplies,Travel expense,84.01,USD,Paid,MgrA,2024-06-06
CL30481,E1059,2024-01-23,Training,Travel expense,796.12,CAD,Paid,MgrC,2024-02-07
CL30482,E1099,2024-10-04,Meals,Travel expense,459.71,USD,Approved,MgrA,
CL30483,E1057,2025-04-19,Entertainment,Travel expense,437.28,USD,Rejected,MgrA,
CL30484,E1005,2023-08-12,Training,Travel expense,441.58,CAD,Paid,MgrA,2023-08-27
CL30485,E1004,2024-08-03,Travel,Travel expense,200.74,EUR,Approved,MgrC,
CL30486,E1069,2024-05-12,Meals,Travel expense,562.3,GBP,Approved,MgrA,
CL30487,E1095,2023-04-06,Meals,Travel expense,669.99,CAD,Submitted,MgrC,
CL30488,E1098,2023-06-21,Meals,Travel expense,270.24,CAD,Submitted,MgrC,
CL30489,E1048,2023-04-01,Supplies,Travel expense,221.88,GBP,Submitted,MgrA,
CL30490,E1007,2023-04-17,Training,Travel expense,39.7,AUD,Rejected,MgrA,
CL30491,E1084,2023-07-16,Training,Travel expense,457.5,AUD,Submitted,MgrB,
CL30492,E1062,2024-09-20,Entertainment,Travel expense,777.5,EUR,Paid,MgrC,2024-10-05
CL30493,E1009,2023-12-31,Travel,Travel expense,742.49,GBP,Paid,MgrC,2024-01-15
CL30494,E1048,2023-04-19,Travel,Travel expense,183.02,GBP,Rejected,MgrB,
CL30495,E1036,2025-02-19,Travel,Travel expense,763.71,AUD,Approved,MgrA,
CL30496,E1050,2023-04-06,Entertainment,Travel expense,349.39,AUD,Approved,MgrC,
CL30497,E1020,2024-03-04,Supplies,Travel expense,669.63,EUR,Submitted,MgrB,
CL30498,E1103,2024-08-29,Supplies,Travel expense,656.17,GBP,Paid,MgrB,2024-09-13
CL30499,E1034,2023-11-27,Entertainment,Travel expense,352.63,USD,Submitted,MgrA,
CL30500,E1051,2025-03-12,Travel,Travel expense,539.69,AUD,Submitted,MgrB,
CL30501,E1033,2024-02-22,Travel,Travel expense,686.51,GBP,Paid,MgrB,2024-03-08
CL30502,E1064,2025-03-24,Travel,Travel expense,177.96,EUR,Rejected,MgrC,
CL30503,E1039,2023-09-08,Training,Travel expense,276.61,GBP,Paid,MgrB,2023-09-23
CL30504,E1037,2024-03-13,Meals,Travel expense,456.19,EUR,Rejected,MgrB,
CL30505,E1088,2023-09-24,Supplies,Travel expense,21.75,GBP,Paid,MgrB,2023-10-09
CL30506,E1046,2023-02-16,Meals,Travel expense,65.74,EUR,Paid,MgrA,2023-03-03
CL30507,E1005,2024-09-16,Meals,Travel expense,549.24,USD,Paid,MgrB,2024-10-01
CL30508,E1012,2023-12-13,Supplies,Travel expense,715.77,GBP,Paid,MgrB,2023-12-28
CL30509,E1103,2023-12-18,Entertainment,Travel expense,465.65,CAD,Approved,MgrB,
CL30510,E1067,2024-03-30,Travel,Travel expense,239.66,CAD,Approved,MgrC,
CL30511,E1023,2024-08-02,Training,Travel expense,165.28,EUR,Paid,MgrC,2024-08-17
CL30512,E1005,2025-05-14,Training,Travel expense,475.9,EUR,Rejected,MgrB,
CL30513,E1058,2024-04-22,Training,Travel expense,280.26,EUR,Rejected,MgrA,
CL30514,E1034,2025-06-12,Supplies,Travel expense,133.68,CAD,Rejected,MgrC,
CL30515,E1062,2023-10-14,Travel,Travel expense,346.15,AUD,Paid,MgrB,2023-10-29
CL30516,E1109,2023-04-23,Entertainment,Travel expense,591.13,CAD,Approved,MgrB,
CL30517,E1107,2023-01-24,Entertainment,Travel expense,779.38,CAD,Submitted,MgrB,
CL30518,E1022,2023-10-28,Travel,Travel expense,414.81,AUD,Rejected,MgrB,
CL30519,E1096,2023-08-11,Entertainment,Travel expense,586.76,USD,Rejected,MgrC,
CL30520,E1091,2025-05-13,Travel,Travel expense,301.17,CAD,Approved,MgrB,
CL30521,E1036,2024-04-20,Travel,Travel expense,393.11,CAD,Rejected,MgrC,
CL30522,E1064,2023-08-24,Travel,Travel expense,27.55,AUD,Approved,MgrB,
CL30523,E1080,2024-03-27,Supplies,Travel expense,53.46,EUR,Paid,MgrB,2024-04-11
CL30524,E1023,2024-01-19,Entertainment,Travel expense,477.04,EUR,Submitted,MgrB,
CL30525,E1079,2023-09-28,Training,Travel expense,556.72,USD,Submitted,MgrB,
CL30526,E1047,2024-04-19,Meals,Travel expense,75.43,AUD,Submitted,MgrB,
CL30527,E1080,2024-10-29,Travel,Travel expense,104.53,CAD,Approved,MgrB,
CL30528,E1066,2023-12-10,Training,Travel expense,698.88,AUD,Rejected,MgrB,
CL30529,E1080,2024-08-26,Travel,Travel expense,676.21,USD,Rejected,MgrB,
CL30530,E1042,2023-06-02,Travel,Travel expense,444.97,EUR,Approved,MgrB,
CL30531,E1083,2024-09-30,Entertainment,Travel expense,357.01,AUD,Submitted,MgrA,
CL30532,E1087,2024-10-11,Entertainment,Travel expense,109.43,AUD,Paid,MgrB,2024-10-26
CL30533,E1031,2025-03-16,Travel,Travel expense,378.54,USD,Submitted,MgrB,
CL30534,E1118,2023-03-10,Training,Travel expense,387.35,GBP,Rejected,MgrC,
CL30535,E1083,2025-06-15,Meals,Travel expense,460,CAD,Rejected,MgrB,
CL30536,E1046,2023-03-07,Training,Travel expense,184.27,USD,Paid,MgrA,2023-03-22
CL30537,E1071,2025-03-10,Training,Travel expense,767.16,GBP,Rejected,MgrC,
CL30538,E1082,2023-01-15,Training,Travel expense,72.7,GBP,Approved,MgrB,
CL30539,E1114,2023-04-22,Training,Travel expense,504.04,GBP,Approved,MgrB,
CL30540,E1083,2023-02-18,Entertainment,Travel expense,92.22,CAD,Approved,MgrB,
CL30541,E1099,2024-05-29,Supplies,Travel expense,334.79,EUR,Paid,MgrC,2024-06-13
CL30542,E1062,2024-11-05,Entertainment,Travel expense,72.21,GBP,Submitted,MgrA,
CL30543,E1057,2024-10-21,Supplies,Travel expense,553.18,GBP,Submitted,MgrB,
CL30544,E1109,2024-05-18,Meals,Travel expense,588.24,USD,Rejected,MgrA,
CL30545,E1015,2023-04-01,Travel,Travel expense,71.12,EUR,Paid,MgrC,2023-04-16
CL30546,E1056,2023-10-07,Travel,Travel expense,54.25,EUR,Paid,MgrB,2023-10-22
CL30547,E1000,2023-11-02,Supplies,Travel expense,223.51,EUR,Rejected,MgrA,
CL30548,E1078,2024-04-09,Travel,Travel expense,558.76,USD,Approved,MgrB,
CL30549,E1099,2024-02-15,Supplies,Travel expense,410.56,AUD,Paid,MgrA,2024-03-01
CL30550,E1113,2024-07-08,Entertainment,Travel expense,710.92,EUR,Paid,MgrA,2024-07-23
CL30551,E1091,2023-07-15,Entertainment,Travel expense,268.05,EUR,Submitted,MgrC,
CL30552,E1034,2025-06-17,Training,Travel expense,158.28,CAD,Rejected,MgrC,
CL30553,E1064,2023-06-20,Entertainment,Travel expense,571.62,EUR,Rejected,MgrB,
CL30554,E1088,2023-02-07,Travel,Travel expense,166.37,EUR,Paid,MgrC,2023-02-22
CL30555,E1044,2024-08-13,Travel,Travel expense,519.72,GBP,Submitted,MgrC,
CL30556,E1084,2025-01-12,Training,Travel expense,595.47,EUR,Rejected,MgrA,
CL30557,E1036,2023-11-29,Entertainment,Travel expense,302.43,USD,Approved,MgrB,
CL30558,E1023,2023-09-04,Supplies,Travel expense,733.65,CAD,Approved,MgrA,
CL30559,E1113,2024-08-14,Training,Travel expense,727.58,USD,Paid,MgrC,2024-08-29
CL30560,E1039,2025-03-15,Entertainment,Travel expense,514.25,AUD,Approved,MgrB,
CL30561,E1112,2023-12-17,Training,Travel expense,512.86,GBP,Submitted,MgrB,
CL30562,E1088,2024-05-05,Supplies,Travel expense,463.01,AUD,Rejected,MgrB,
CL30563,E1055,2024-02-21,Meals,Travel expense,673.09,EUR,Approved,MgrA,
CL30564,E1035,2023-01-20,Supplies,Travel expense,781.96,CAD,Paid,MgrC,2023-02-04
CL30565,E1098,2024-05-01,Training,Travel expense,697.54,EUR,Submitted,MgrA,
CL30566,E1070,2025-03-03,Meals,Travel expense,491.54,GBP,Approved,MgrB,
CL30567,E1088,2023-08-06,Training,Travel expense,245.38,AUD,Rejected,MgrB,
CL30568,E1083,2024-08-18,Meals,Travel expense,470.49,CAD,Approved,MgrC,
CL30569,E1011,2025-05-27,Entertainment,Travel expense,721.65,EUR,Approved,MgrC,
CL30570,E1000,2023-02-08,Supplies,Travel expense,29.5,EUR,Rejected,MgrA,
CL30571,E1100,2023-06-29,Travel,Travel expense,711.76,GBP,Paid,MgrC,2023-07-14
CL30572,E1045,2024-12-19,Travel,Travel expense,560.2,GBP,Approved,MgrB,
CL30573,E1050,2024-01-28,Training,Travel expense,114.37,GBP,Rejected,MgrB,
CL30574,E1105,2025-02-27,Entertainment,Travel expense,143.57,EUR,Approved,MgrA,
CL30575,E1103,2023-02-27,Entertainment,Travel expense,705.41,USD,Submitted,MgrC,
CL30576,E1032,2024-09-02,Supplies,Travel expense,537.3,CAD,Rejected,MgrB,
CL30577,E1081,2023-01-15,Training,Travel expense,671.53,CAD,Submitted,MgrC,
CL30578,E1041,2023-10-01,Travel,Travel expense,337.74,CAD,Paid,MgrB,2023-10-16
CL30579,E1057,2024-02-04,Meals,Travel expense,428.81,CAD,Submitted,MgrA,
CL30580,E1118,2023-03-13,Supplies,Travel expense,414.53,USD,Rejected,MgrA,
CL30581,E1022,2025-01-12,Entertainment,Travel expense,41.9,GBP,Rejected,MgrB,
CL30582,E1106,2023-12-24,Meals,Travel expense,207.72,USD,Rejected,MgrA,
CL30583,E1106,2023-04-05,Travel,Travel expense,164.47,GBP,Rejected,MgrC,
CL30584,E1075,2023-01-30,Entertainment,Travel expense,487.27,AUD,Rejected,MgrC,
CL30585,E1083,2023-05-24,Supplies,Travel expense,343.75,GBP,Rejected,MgrA,
CL30586,E1078,2023-04-13,Meals,Travel expense,584.99,GBP,Submitted,MgrB,
CL30587,E1082,2023-12-18,Meals,Travel expense,174.13,EUR,Approved,MgrC,
CL30588,E1074,2024-10-07,Meals,Travel expense,291.85,CAD,Approved,MgrB,
CL30589,E1044,2025-04-20,Meals,Travel expense,417.36,GBP,Rejected,MgrB,
CL30590,E1096,2025-06-12,Training,Travel expense,789.18,AUD,Paid,MgrB,2025-06-27
CL30591,E1075,2023-04-08,Training,Travel expense,610.48,CAD,Paid,MgrA,2023-04-23
CL30592,E1033,2023-02-06,Supplies,Travel expense,550.1,USD,Approved,MgrC,
CL30593,E1089,2023-12-22,Meals,Travel expense,50.7,GBP,Rejected,MgrC,
CL30594,E1063,2025-01-14,Travel,Travel expense,686.62,USD,Submitted,MgrC,
CL30595,E1095,2023-03-30,Meals,Travel expense,129.8,USD,Rejected,MgrC,
CL30596,E1044,2023-10-13,Meals,Travel expense,44.92,USD,Approved,MgrA,
CL30597,E1060,2024-05-13,Training,Travel expense,332,USD,Paid,MgrC,2024-05-28
CL30598,E1104,2023-01-12,Entertainment,Travel expense,307.24,USD,Approved,MgrC,
CL30599,E1078,2023-04-06,Training,Travel expense,88.31,GBP,Rejected,MgrA,
CL30600,E1108,2024-10-21,Training,Travel expense,743.66,EUR,Paid,MgrC,2024-11-05
CL30601,E1079,2023-01-16,Travel,Travel expense,744.77,CAD,Rejected,MgrB,
CL30602,E1089,2025-03-12,Training,Travel expense,349.42,EUR,Approved,MgrB,
CL30603,E1027,2024-10-18,Supplies,Travel expense,381.34,EUR,Paid,MgrB,2024-11-02
CL30604,E1048,2023-10-23,Travel,Travel expense,431.44,EUR,Approved,MgrC,
CL30605,E1098,2024-03-18,Travel,Travel expense,587.64,CAD,Rejected,MgrA,
CL30606,E1069,2025-06-09,Supplies,Travel expense,74.36,EUR,Paid,MgrA,2025-06-24
CL30607,E1116,2024-09-09,Entertainment,Travel expense,540.96,CAD,Paid,MgrA,2024-09-24
CL30608,E1039,2024-04-02,Meals,Travel expense,545.3,EUR,Paid,MgrB,2024-04-17
CL30609,E1062,2024-09-19,Meals,Travel expense,523.57,GBP,Rejected,MgrA,
CL30610,E1050,2024-08-29,Entertainment,Travel expense,328.28,USD,Approved,MgrB,
CL30611,E1090,2023-04-07,Supplies,Travel expense,150.82,USD,Rejected,MgrC,
CL30612,E1066,2023-09-20,Entertainment,Travel expense,169.69,GBP,Paid,MgrA,2023-10-05
CL30613,E1113,2025-02-17,Training,Travel expense,154.63,AUD,Paid,MgrA,2025-03-04
CL30614,E1076,2024-06-08,Entertainment,Travel expense,341.7,USD,Rejected,MgrB,
CL30615,E1097,2023-11-18,Entertainment,Travel expense,135.32,EUR,Rejected,MgrC,
CL30616,E1095,2024-12-14,Meals,Travel expense,767.27,EUR,Submitted,MgrB,
CL30617,E1054,2023-05-23,Supplies,Travel expense,287.27,USD,Paid,MgrB,2023-06-07
CL30618,E1018,2023-08-09,Supplies,Travel expense,524.28,EUR,Approved,MgrC,
CL30619,E1094,2024-08-11,Travel,Travel expense,509.3,USD,Paid,MgrB,2024-08-26
CL30620,E1011,2023-09-19,Supplies,Travel expense,797.66,AUD,Rejected,MgrA,
CL30621,E1097,2024-02-09,Entertainment,Travel expense,548.42,AUD,Rejected,MgrB,
CL30622,E1028,2023-02-13,Meals,Travel expense,397.58,USD,Submitted,MgrA,
CL30623,E1039,2023-01-12,Meals,Travel expense,149.09,CAD,Paid,MgrC,2023-01-27
CL30624,E1052,2024-05-10,Training,Travel expense,516.66,USD,Rejected,MgrA,
CL30625,E1057,2023-02-05,Training,Travel expense,433.43,USD,Rejected,MgrB,
CL30626,E1115,2025-06-08,Travel,Travel expense,636.12,GBP,Paid,MgrA,2025-06-23
CL30627,E1105,2024-02-10,Supplies,Travel expense,457.36,GBP,Rejected,MgrA,
CL30628,E1092,2024-07-03,Travel,Travel expense,221.83,EUR,Rejected,MgrB,
CL30629,E1037,2024-01-30,Travel,Travel expense,82.86,GBP,Paid,MgrA,2024-02-14
CL30630,E1081,2024-03-18,Meals,Travel expense,123.01,EUR,Paid,MgrB,2024-04-02
CL30631,E1020,2024-07-13,Training,Travel expense,478.59,GBP,Approved,MgrB,
CL30632,E1062,2023-12-18,Entertainment,Travel expense,766.67,AUD,Paid,MgrA,2024-01-02
CL30633,E1040,2024-05-19,Supplies,Travel expense,622.65,USD,Rejected,MgrB,
CL30634,E1112,2025-04-18,Entertainment,Travel expense,101.88,CAD,Rejected,MgrC,
CL30635,E1030,2024-09-22,Training,Travel expense,215.2,USD,Rejected,MgrA,
CL30636,E1114,2023-09-02,Supplies,Travel expense,493.65,CAD,Approved,MgrA,
CL30637,E1000,2023-04-07,Meals,Travel expense,89.06,CAD,Rejected,MgrC,
CL30638,E1055,2023-06-20,Training,Travel expense,652.03,CAD,Submitted,MgrC,
CL30639,E1091,2023-01-19,Supplies,Travel expense,344.65,CAD,Paid,MgrA,2023-02-03
CL30640,E1009,2024-09-11,Supplies,Travel expense,21.09,EUR,Approved,MgrB,
CL30641,E1095,2023-11-16,Meals,Travel expense,749.85,EUR,Submitted,MgrA,
CL30642,E1113,2023-02-14,Supplies,Travel expense,433.3,CAD,Submitted,MgrC,
CL30643,E1007,2024-07-02,Travel,Travel expense,458.54,CAD,Approved,MgrA,
CL30644,E1039,2023-12-01,Travel,Travel expense,216.14,EUR,Submitted,MgrB,
CL30645,E1031,2023-04-19,Meals,Travel expense,710.4,GBP,Approved,MgrA,
CL30646,E1038,2023-06-21,Entertainment,Travel expense,667.03,AUD,Rejected,MgrC,
CL30647,E1023,2023-06-01,Travel,Travel expense,746.62,GBP,Rejected,MgrB,
CL30648,E1057,2024-06-05,Travel,Travel expense,129.17,EUR,Rejected,MgrA,
CL30649,E1060,2024-06-14,Training,Travel expense,114.71,USD,Rejected,MgrB,
CL30650,E1034,2023-10-04,Entertainment,Travel expense,543.76,EUR,Rejected,MgrB,
CL30651,E1046,2023-10-27,Supplies,Travel expense,198.6,GBP,Rejected,MgrA,
CL30652,E1005,2025-05-24,Supplies,Travel expense,364.17,USD,Rejected,MgrA,
CL30653,E1057,2024-08-21,Travel,Travel expense,521.69,AUD,Paid,MgrB,2024-09-05
CL30654,E1014,2024-02-06,Meals,Travel expense,37.51,USD,Submitted,MgrC,
CL30655,E1056,2024-06-08,Supplies,Travel expense,722.15,CAD,Paid,MgrC,2024-06-23
CL30656,E1064,2023-07-22,Entertainment,Travel expense,530.09,USD,Submitted,MgrB,
CL30657,E1027,2023-06-15,Entertainment,Travel expense,138.35,USD,Submitted,MgrC,
CL30658,E1009,2023-08-05,Entertainment,Travel expense,35.66,EUR,Approved,MgrA,
CL30659,E1118,2024-05-21,Training,Travel expense,323.3,USD,Submitted,MgrA,
CL30660,E1025,2024-12-26,Supplies,Travel expense,659.07,EUR,Submitted,MgrC,
CL30661,E1063,2023-12-22,Entertainment,Travel expense,421.97,GBP,Submitted,MgrA,
CL30662,E1052,2023-12-25,Travel,Travel expense,23.26,USD,Submitted,MgrA,
CL30663,E1003,2023-05-22,Training,Travel expense,31.77,EUR,Paid,MgrA,2023-06-06
CL30664,E1110,2023-04-02,Entertainment,Travel expense,545.27,EUR,Rejected,MgrA,
CL30665,E1109,2024-11-15,Travel,Travel expense,712.59,EUR,Paid,MgrA,2024-11-30
CL30666,E1025,2023-07-04,Entertainment,Travel expense,518.39,CAD,Paid,MgrB,2023-07-19
CL30667,E1078,2023-06-03,Entertainment,Travel expense,633.48,CAD,Approved,MgrB,
CL30668,E1015,2024-08-18,Supplies,Travel expense,794.81,EUR,Approved,MgrB,
CL30669,E1119,2023-02-28,Supplies,Travel expense,559.97,GBP,Paid,MgrA,2023-03-15
CL30670,E1066,2024-06-22,Travel,Travel expense,334.08,AUD,Paid,MgrA,2024-07-07
CL30671,E1112,2025-01-20,Entertainment,Travel expense,175.63,USD,Rejected,MgrB,
CL30672,E1095,2024-02-02,Travel,Travel expense,73.73,EUR,Paid,MgrA,2024-02-17
CL30673,E1019,2024-08-16,Training,Travel expense,547.32,EUR,Submitted,MgrC,
CL30674,E1114,2024-12-24,Training,Travel expense,401.22,USD,Submitted,MgrB,
CL30675,E1048,2023-05-19,Supplies,Travel expense,489.62,CAD,Paid,MgrB,2023-06-03
CL30676,E1012,2024-04-30,Travel,Travel expense,789.31,USD,Submitted,MgrC,
CL30677,E1067,2024-12-30,Supplies,Travel expense,133.57,GBP,Paid,MgrB,2025-01-14
CL30678,E1003,2025-03-20,Supplies,Travel expense,307.49,GBP,Submitted,MgrA,
CL30679,E1007,2024-05-06,Entertainment,Travel expense,327.92,AUD,Submitted,MgrB,
CL30680,E1083,2023-12-12,Training,Travel expense,756.76,EUR,Paid,MgrB,2023-12-27
CL30681,E1113,2023-03-21,Training,Travel expense,292.15,EUR,Paid,MgrB,2023-04-05
CL30682,E1018,2025-04-28,Entertainment,Travel expense,774,AUD,Paid,MgrB,2025-05-13
CL30683,E1074,2023-11-24,Meals,Travel expense,223.41,GBP,Paid,MgrB,2023-12-09
CL30684,E1043,2023-02-10,Supplies,Travel expense,643.31,EUR,Paid,MgrB,2023-02-25
CL30685,E1001,2023-02-22,Training,Travel expense,49.53,EUR,Rejected,MgrB,
CL30686,E1066,2024-03-01,Meals,Travel expense,305.35,AUD,Paid,MgrA,2024-03-16
CL30687,E1048,2024-02-09,Training,Travel expense,643.89,CAD,Rejected,MgrC,
CL30688,E1045,2024-06-24,Supplies,Travel expense,73.94,EUR,Submitted,MgrA,
CL30689,E1049,2023-04-21,Meals,Travel expense,679.91,AUD,Approved,MgrC,
CL30690,E1109,2023-10-14,Training,Travel expense,797.7,GBP,Rejected,MgrB,
CL30691,E1034,2023-05-03,Meals,Travel expense,297.97,CAD,Rejected,MgrC,
CL30692,E1092,2024-03-30,Meals,Travel expense,77.03,CAD,Submitted,MgrC,
CL30693,E1051,2024-08-22,Supplies,Travel expense,677.91,GBP,Paid,MgrC,2024-09-06
CL30694,E1109,2024-12-02,Meals,Travel expense,453.86,USD,Rejected,MgrC,
CL30695,E1035,2024-02-09,Meals,Travel expense,789.58,GBP,Approved,MgrB,
CL30696,E1103,2024-12-05,Supplies,Travel expense,493.03,CAD,Submitted,MgrC,
CL30697,E1084,2024-12-02,Meals,Travel expense,120.88,USD,Rejected,MgrC,
CL30698,E1081,2023-12-10,Travel,Travel expense,785.23,CAD,Approved,MgrA,
CL30699,E1044,2023-07-12,Entertainment,Travel expense,38.55,USD,Rejected,MgrA,
CL30700,E1113,2024-12-23,Supplies,Travel expense,638.42,AUD,Paid,MgrC,2025-01-07
CL30701,E1108,2024-08-26,Entertainment,Travel expense,235.45,CAD,Submitted,MgrC,
CL30702,E1038,2024-10-18,Training,Travel expense,106.55,EUR,Submitted,MgrB,
CL30703,E1021,2023-04-26,Travel,Travel expense,57.18,GBP,Approved,MgrA,
CL30704,E1085,2023-07-30,Training,Travel expense,530,USD,Paid,MgrC,2023-08-14
CL30705,E1106,2025-01-27,Supplies,Travel expense,56.7,USD,Submitted,MgrC,
CL30706,E1003,2024-12-26,Supplies,Travel expense,713.46,CAD,Rejected,MgrA,
CL30707,E1016,2024-11-05,Travel,Travel expense,565.78,GBP,Rejected,MgrB,
CL30708,E1037,2023-07-29,Travel,Travel expense,190.39,USD,Rejected,MgrC,
CL30709,E1061,2023-08-23,Meals,Travel expense,707.46,CAD,Paid,MgrC,2023-09-07
CL30710,E1090,2023-02-10,Supplies,Travel expense,756.72,GBP,Submitted,MgrB,
CL30711,E1118,2023-08-16,Supplies,Travel expense,471.5,EUR,Rejected,MgrA,
CL30712,E1046,2025-03-28,Supplies,Travel expense,362.72,GBP,Approved,MgrC,
CL30713,E1097,2023-07-23,Meals,Travel expense,449.82,GBP,Rejected,MgrA,
CL30714,E1003,2025-06-18,Meals,Travel expense,535.31,GBP,Rejected,MgrB,
CL30715,E1113,2024-03-26,Entertainment,Travel expense,370.29,GBP,Paid,MgrA,2024-04-10
CL30716,E1107,2023-06-19,Meals,Travel expense,774.71,EUR,Submitted,MgrC,
CL30717,E1092,2023-11-05,Travel,Travel expense,530.19,USD,Submitted,MgrA,
CL30718,E1043,2025-06-11,Entertainment,Travel expense,502.63,USD,Approved,MgrC,
CL30719,E1011,2024-07-21,Travel,Travel expense,140.35,USD,Paid,MgrC,2024-08-05
CL30720,E1076,2023-10-02,Supplies,Travel expense,301.78,USD,Submitted,MgrA,
CL30721,E1114,2025-02-16,Training,Travel expense,713.99,AUD,Paid,MgrB,2025-03-03
CL30722,E1047,2025-06-29,Entertainment,Travel expense,279.24,GBP,Submitted,MgrB,
CL30723,E1113,2024-12-14,Entertainment,Travel expense,423.55,AUD,Approved,MgrB,
CL30724,E1027,2023-08-04,Supplies,Travel expense,341.26,AUD,Approved,MgrC,
CL30725,E1118,2024-05-25,Supplies,Travel expense,126.57,GBP,Paid,MgrA,2024-06-09
CL30726,E1075,2025-06-16,Travel,Travel expense,443.37,CAD,Submitted,MgrA,
CL30727,E1043,2025-01-09,Travel,Travel expense,305.57,EUR,Submitted,MgrC,
CL30728,E1080,2024-10-30,Supplies,Travel expense,379.61,GBP,Approved,MgrA,
CL30729,E1029,2024-06-20,Entertainment,Travel expense,498.78,AUD,Paid,MgrA,2024-07-05
CL30730,E1040,2024-06-19,Entertainment,Travel expense,654.62,USD,Submitted,MgrA,
CL30731,E1037,2023-12-07,Training,Travel expense,84.49,USD,Submitted,MgrB,
CL30732,E1089,2025-04-04,Supplies,Travel expense,702.15,CAD,Approved,MgrA,
CL30733,E1027,2024-11-10,Training,Travel expense,634.91,AUD,Rejected,MgrB,
CL30734,E1051,2024-04-17,Training,Travel expense,266.39,EUR,Rejected,MgrC,
CL30735,E1060,2023-05-05,Meals,Travel expense,728.77,GBP,Paid,MgrB,2023-05-20
CL30736,E1078,2023-10-05,Entertainment,Travel expense,110.13,EUR,Rejected,MgrB,
CL30737,E1093,2024-11-23,Entertainment,Travel expense,679.96,CAD,Rejected,MgrB,
CL30738,E1072,2024-08-18,Training,Travel expense,382.77,USD,Paid,MgrB,2024-09-02
CL30739,E1004,2023-06-08,Meals,Travel expense,526.6,CAD,Paid,MgrA,2023-06-23
CL30740,E1082,2023-11-30,Training,Travel expense,408.78,AUD,Rejected,MgrA,
CL30741,E1043,2023-04-30,Meals,Travel expense,47.11,USD,Paid,MgrA,2023-05-15
CL30742,E1105,2023-02-15,Training,Travel expense,745.84,GBP,Submitted,MgrA,
CL30743,E1070,2024-01-03,Travel,Travel expense,273.12,EUR,Approved,MgrC,
CL30744,E1107,2023-08-23,Travel,Travel expense,773.86,AUD,Submitted,MgrC,
CL30745,E1088,2023-01-22,Travel,Travel expense,58.15,GBP,Rejected,MgrA,
CL30746,E1087,2025-01-08,Training,Travel expense,57.29,AUD,Paid,MgrA,2025-01-23
CL30747,E1084,2023-01-04,Travel,Travel expense,165.68,AUD,Rejected,MgrC,
CL30748,E1016,2023-05-30,Training,Travel expense,41.37,CAD,Rejected,MgrC,
CL30749,E1110,2024-08-15,Travel,Travel expense,82.41,CAD,Submitted,MgrC,
CL30750,E1104,2025-02-05,Travel,Travel expense,45.06,CAD,Approved,MgrC,
CL30751,E1101,2024-10-30,Entertainment,Travel expense,603.65,AUD,Paid,MgrB,2024-11-14
CL30752,E1039,2025-02-09,Supplies,Travel expense,196.85,EUR,Paid,MgrA,2025-02-24
CL30753,E1115,2025-05-11,Meals,Travel expense,266.3,USD,Submitted,MgrB,
CL30754,E1082,2024-07-25,Entertainment,Travel expense,787.9,AUD,Rejected,MgrC,
CL30755,E1034,2024-04-27,Travel,Travel expense,103.81,EUR,Submitted,MgrC,
CL30756,E1054,2024-01-19,Training,Travel expense,520.81,CAD,Rejected,MgrA,
CL30757,E1110,2024-03-21,Training,Travel expense,374.07,AUD,Rejected,MgrB,
CL30758,E1070,2023-04-10,Training,Travel expense,336.44,USD,Paid,MgrC,2023-04-25
CL30759,E1063,2024-10-28,Supplies,Travel expense,553.38,CAD,Approved,MgrC,
CL30760,E1083,2023-02-17,Training,Travel expense,376.07,AUD,Submitted,MgrC,
CL30761,E1018,2023-09-19,Training,Travel expense,277.15,AUD,Submitted,MgrC,
CL30762,E1057,2025-04-07,Entertainment,Travel expense,193.5,EUR,Submitted,MgrC,
CL30763,E1049,2024-07-16,Travel,Travel expense,174.9,EUR,Submitted,MgrA,
CL30764,E1023,2023-04-13,Supplies,Travel expense,509.97,EUR,Approved,MgrC,
CL30765,E1003,2024-11-16,Travel,Travel expense,502.27,GBP,Paid,MgrC,2024-12-01
CL30766,E1024,2025-05-20,Meals,Travel expense,548.56,USD,Rejected,MgrC,
CL30767,E1095,2025-06-16,Supplies,Travel expense,709.38,AUD,Paid,MgrA,2025-07-01
CL30768,E1033,2025-06-15,Meals,Travel expense,660.9,CAD,Rejected,MgrB,
CL30769,E1018,2023-09-07,Supplies,Travel expense,484.02,GBP,Approved,MgrB,
CL30770,E1038,2025-01-17,Meals,Travel expense,144.55,AUD,Paid,MgrB,2025-02-01
CL30771,E1049,2025-02-22,Meals,Travel expense,77.28,CAD,Rejected,MgrB,
CL30772,E1101,2024-08-29,Entertainment,Travel expense,457.79,CAD,Approved,MgrB,
CL30773,E1022,2023-04-27,Supplies,Travel expense,108.62,AUD,Rejected,MgrA,
CL30774,E1064,2024-04-08,Meals,Travel expense,536.45,GBP,Rejected,MgrA,
CL30775,E1104,2024-10-28,Entertainment,Travel expense,720.47,EUR,Paid,MgrB,2024-11-12
CL30776,E1098,2024-02-16,Supplies,Travel expense,695.58,GBP,Approved,MgrB,
CL30777,E1084,2024-06-25,Entertainment,Travel expense,503.63,EUR,Approved,MgrB,
CL30778,E1073,2025-03-15,Meals,Travel expense,467.4,CAD,Rejected,MgrA,
CL30779,E1100,2025-02-14,Travel,Travel expense,273.66,AUD,Approved,MgrA,
CL30780,E1033,2024-10-15,Supplies,Travel expense,516.67,AUD,Rejected,MgrA,
CL30781,E1012,2024-11-05,Entertainment,Travel expense,221.26,GBP,Paid,MgrB,2024-11-20
CL30782,E1002,2025-02-07,Training,Travel expense,167.96,EUR,Submitted,MgrA,
CL30783,E1067,2023-02-28,Training,Travel expense,327.62,USD,Paid,MgrA,2023-03-15
CL30784,E1046,2023-01-15,Training,Travel expense,560,USD,Submitted,MgrB,
CL30785,E1097,2023-03-29,Supplies,Travel expense,395.77,USD,Rejected,MgrC,
CL30786,E1107,2024-04-14,Supplies,Travel expense,23.26,EUR,Approved,MgrC,
CL30787,E1010,2023-09-03,Meals,Travel expense,660.36,AUD,Rejected,MgrB,
CL30788,E1004,2023-12-28,Meals,Travel expense,623.48,EUR,Paid,MgrC,2024-01-12
CL30789,E1090,2024-04-22,Training,Travel expense,633.61,CAD,Paid,MgrA,2024-05-07
CL30790,E1042,2023-12-16,Training,Travel expense,424.21,EUR,Approved,MgrC,
CL30791,E1097,2023-05-31,Entertainment,Travel expense,682.39,GBP,Submitted,MgrB,
CL30792,E1043,2023-03-20,Entertainment,Travel expense,708.35,CAD,Approved,MgrB,
CL30793,E1012,2023-06-19,Travel,Travel expense,98.5,CAD,Rejected,MgrC,
CL30794,E1013,2023-09-14,Supplies,Travel expense,615.3,EUR,Rejected,MgrC,
CL30795,E1031,2023-12-14,Supplies,Travel expense,237.68,CAD,Submitted,MgrC,
CL30796,E1110,2025-06-16,Entertainment,Travel expense,794.42,CAD,Submitted,MgrC,
CL30797,E1069,2024-02-26,Entertainment,Travel expense,104.63,EUR,Paid,MgrB,2024-03-12
CL30798,E1085,2024-05-23,Supplies,Travel expense,25.34,CAD,Rejected,MgrB,
CL30799,E1060,2024-05-17,Travel,Travel expense,394.5,AUD,Approved,MgrA,
CL30800,E1011,2024-10-31,Meals,Travel expense,190.28,USD,Rejected,MgrC,
CL30801,E1076,2024-08-25,Travel,Travel expense,550.83,GBP,Submitted,MgrC,
CL30802,E1036,2024-11-27,Supplies,Travel expense,65.26,CAD,Paid,MgrA,2024-12-12
CL30803,E1079,2023-11-08,Entertainment,Travel expense,62.15,AUD,Rejected,MgrB,
CL30804,E1116,2023-07-17,Travel,Travel expense,740.44,EUR,Paid,MgrB,2023-08-01
CL30805,E1111,2024-07-29,Meals,Travel expense,436.44,USD,Approved,MgrC,
CL30806,E1046,2025-04-27,Entertainment,Travel expense,390.44,EUR,Submitted,MgrA,
CL30807,E1087,2025-02-05,Meals,Travel expense,538.08,AUD,Approved,MgrA,
CL30808,E1016,2024-09-14,Entertainment,Travel expense,677.13,AUD,Approved,MgrC,
CL30809,E1109,2023-11-16,Travel,Travel expense,433.41,CAD,Paid,MgrB,2023-12-01
CL30810,E1017,2025-06-19,Travel,Travel expense,740.98,AUD,Paid,MgrB,2025-07-04
CL30811,E1059,2023-10-20,Entertainment,Travel expense,269.24,AUD,Approved,MgrB,
CL30812,E1014,2024-05-03,Entertainment,Travel expense,490.15,EUR,Rejected,MgrC,
CL30813,E1044,2023-01-17,Entertainment,Travel expense,236.1,GBP,Paid,MgrC,2023-02-01
CL30814,E1114,2024-06-16,Training,Travel expense,177.17,USD,Approved,MgrA,
CL30815,E1016,2023-06-06,Meals,Travel expense,30.64,GBP,Rejected,MgrC,
CL30816,E1118,2025-03-20,Travel,Travel expense,40.58,CAD,Rejected,MgrB,
CL30817,E1028,2024-11-16,Travel,Travel expense,531.97,EUR,Approved,MgrC,
CL30818,E1018,2024-03-05,Entertainment,Travel expense,278.98,USD,Approved,MgrA,
CL30819,E1013,2023-03-08,Travel,Travel expense,558.29,EUR,Approved,MgrA,
CL30820,E1097,2023-04-02,Training,Travel expense,261.19,CAD,Rejected,MgrC,
CL30821,E1085,2024-12-06,Entertainment,Travel expense,512.29,AUD,Submitted,MgrC,
CL30822,E1076,2024-04-03,Entertainment,Travel expense,255.04,USD,Paid,MgrA,2024-04-18
CL30823,E1070,2023-01-08,Travel,Travel expense,51.41,CAD,Rejected,MgrC,
CL30824,E1050,2023-05-07,Entertainment,Travel expense,376.79,EUR,Submitted,MgrC,
CL30825,E1056,2023-11-11,Supplies,Travel expense,59.56,EUR,Rejected,MgrB,
CL30826,E1005,2025-01-20,Meals,Travel expense,615.05,GBP,Paid,MgrA,2025-02-04
CL30827,E1034,2024-07-25,Supplies,Travel expense,673.43,EUR,Rejected,MgrC,
CL30828,E1082,2025-01-22,Meals,Travel expense,628.6,GBP,Rejected,MgrA,
CL30829,E1043,2023-12-31,Training,Travel expense,333.87,AUD,Rejected,MgrB,
CL30830,E1101,2025-05-09,Entertainment,Travel expense,688.36,CAD,Submitted,MgrA,
CL30831,E1025,2023-04-04,Supplies,Travel expense,508.04,CAD,Approved,MgrB,
CL30832,E1058,2023-03-12,Supplies,Travel expense,177.4,USD,Rejected,MgrA,
CL30833,E1037,2023-01-23,Training,Travel expense,88.06,USD,Rejected,MgrC,
CL30834,E1111,2024-09-26,Supplies,Travel expense,461.36,EUR,Submitted,MgrA,
CL30835,E1069,2024-10-02,Entertainment,Travel expense,525.75,EUR,Rejected,MgrA,
CL30836,E1084,2025-01-19,Supplies,Travel expense,757.02,GBP,Approved,MgrA,
CL30837,E1013,2023-05-02,Entertainment,Travel expense,260.4,AUD,Submitted,MgrA,
CL30838,E1001,2025-01-23,Supplies,Travel expense,235.02,GBP,Submitted,MgrB,
CL30839,E1001,2024-10-26,Travel,Travel expense,284.58,GBP,Submitted,MgrB,
CL30840,E1087,2023-02-14,Travel,Travel expense,681.36,GBP,Rejected,MgrC,
CL30841,E1006,2024-02-17,Meals,Travel expense,44.93,CAD,Submitted,MgrA,
CL30842,E1119,2024-11-06,Supplies,Travel expense,300.66,AUD,Submitted,MgrA,
CL30843,E1094,2025-05-18,Entertainment,Travel expense,213.48,GBP,Paid,MgrC,2025-06-02
CL30844,E1110,2024-05-02,Entertainment,Travel expense,697.13,EUR,Approved,MgrB,
CL30845,E1081,2024-07-27,Meals,Travel expense,784.35,GBP,Submitted,MgrA,
CL30846,E1007,2024-05-31,Travel,Travel expense,285.42,CAD,Paid,MgrA,2024-06-15
CL30847,E1049,2023-12-30,Training,Travel expense,712.96,USD,Submitted,MgrC,
CL30848,E1074,2025-06-10,Meals,Travel expense,137.21,USD,Approved,MgrB,
CL30849,E1054,2024-06-13,Travel,Travel expense,475.92,AUD,Rejected,MgrC,
CL30850,E1004,2023-08-02,Supplies,Travel expense,220,USD,Approved,MgrC,
CL30851,E1002,2025-06-23,Training,Travel expense,360.51,USD,Approved,MgrA,
CL30852,E1088,2025-05-29,Entertainment,Travel expense,394.89,USD,Rejected,MgrA,
CL30853,E1053,2023-10-25,Supplies,Travel expense,43.08,EUR,Approved,MgrA,
CL30854,E1036,2024-08-13,Meals,Travel expense,487.52,USD,Paid,MgrC,2024-08-28
CL30855,E1015,2024-10-01,Training,Travel expense,161.46,GBP,Rejected,MgrA,
CL30856,E1088,2024-06-02,Training,Travel expense,169.83,CAD,Paid,MgrA,2024-06-17
CL30857,E1042,2025-02-23,Meals,Travel expense,735.13,GBP,Rejected,MgrC,
CL30858,E1018,2023-08-16,Travel,Travel expense,672.03,AUD,Paid,MgrB,2023-08-31
CL30859,E1086,2024-10-03,Supplies,Travel expense,750.12,CAD,Submitted,MgrB,
CL30860,E1040,2024-04-12,Training,Travel expense,86.83,EUR,Rejected,MgrA,
CL30861,E1034,2025-02-14,Entertainment,Travel expense,674.32,GBP,Submitted,MgrB,
CL30862,E1030,2024-05-24,Training,Travel expense,115,USD,Rejected,MgrB,
CL30863,E1056,2024-07-13,Meals,Travel expense,620.44,AUD,Submitted,MgrC,
CL30864,E1100,2023-02-06,Meals,Travel expense,411.76,GBP,Approved,MgrC,
CL30865,E1105,2025-06-21,Supplies,Travel expense,330.59,AUD,Paid,MgrC,2025-07-06
CL30866,E1027,2025-03-04,Meals,Travel expense,644.04,GBP,Approved,MgrB,
CL30867,E1099,2024-08-05,Meals,Travel expense,727.38,EUR,Paid,MgrA,2024-08-20
CL30868,E1056,2023-06-06,Training,Travel expense,395.6,AUD,Paid,MgrC,2023-06-21
CL30869,E1064,2025-03-02,Travel,Travel expense,634.47,USD,Rejected,MgrA,
CL30870,E1045,2024-11-30,Training,Travel expense,99.78,AUD,Rejected,MgrB,
CL30871,E1081,2023-11-09,Travel,Travel expense,600.17,EUR,Submitted,MgrA,
CL30872,E1021,2024-10-21,Supplies,Travel expense,704.24,EUR,Submitted,MgrC,
CL30873,E1104,2024-01-24,Supplies,Travel expense,415.05,USD,Paid,MgrC,2024-02-08
CL30874,E1089,2023-02-27,Travel,Travel expense,179.03,CAD,Submitted,MgrC,
CL30875,E1037,2024-04-02,Supplies,Travel expense,98.7,CAD,Rejected,MgrA,
CL30876,E1106,2024-09-26,Meals,Travel expense,450.4,CAD,Rejected,MgrB,
CL30877,E1015,2024-01-14,Training,Travel expense,527.64,USD,Rejected,MgrC,
CL30878,E1043,2023-11-12,Travel,Travel expense,502.19,AUD,Submitted,MgrA,
CL30879,E1019,2023-01-18,Training,Travel expense,783.7,EUR,Approved,MgrA,
CL30880,E1097,2024-10-06,Meals,Travel expense,367.02,GBP,Rejected,MgrB,
CL30881,E1031,2023-09-07,Supplies,Travel expense,744.88,GBP,Approved,MgrA,
CL30882,E1109,2024-08-04,Entertainment,Travel expense,314.69,USD,Rejected,MgrB,
CL30883,E1096,2024-08-02,Travel,Travel expense,704.73,GBP,Paid,MgrC,2024-08-17
CL30884,E1003,2023-01-04,Entertainment,Travel expense,159.29,CAD,Rejected,MgrC,
CL30885,E1082,2024-01-26,Entertainment,Travel expense,649.36,EUR,Paid,MgrB,2024-02-10
CL30886,E1094,2023-06-10,Meals,Travel expense,203.61,CAD,Approved,MgrC,
CL30887,E1026,2025-04-06,Entertainment,Travel expense,655.22,GBP,Submitted,MgrB,
CL30888,E1111,2023-09-04,Travel,Travel expense,260.06,CAD,Approved,MgrA,
CL30889,E1069,2023-06-23,Training,Travel expense,344.66,AUD,Submitted,MgrA,
CL30890,E1046,2023-04-18,Meals,Travel expense,65.69,EUR,Rejected,MgrB,
CL30891,E1066,2023-07-04,Entertainment,Travel expense,49.18,EUR,Paid,MgrA,2023-07-19
CL30892,E1092,2025-01-14,Supplies,Travel expense,464.62,USD,Rejected,MgrA,
CL30893,E1038,2023-04-13,Meals,Travel expense,563.55,CAD,Submitted,MgrC,
CL30894,E1106,2023-05-05,Training,Travel expense,240.76,USD,Submitted,MgrC,
CL30895,E1118,2024-09-29,Travel,Travel expense,301.93,USD,Rejected,MgrA,
CL30896,E1044,2023-11-25,Training,Travel expense,211.86,GBP,Paid,MgrC,2023-12-10
CL30897,E1040,2023-12-12,Training,Travel expense,158.85,AUD,Approved,MgrB,
CL30898,E1027,2024-10-09,Training,Travel expense,710.39,USD,Rejected,MgrB,
CL30899,E1057,2024-01-28,Entertainment,Travel expense,367.59,GBP,Paid,MgrC,2024-02-12
CL30900,E1022,2023-12-17,Supplies,Travel expense,89.54,AUD,Paid,MgrC,2024-01-01
CL30901,E1057,2023-08-02,Training,Travel expense,136.86,GBP,Rejected,MgrB,
CL30902,E1056,2023-06-16,Entertainment,Travel expense,527.32,EUR,Rejected,MgrC,
CL30903,E1001,2023-06-02,Supplies,Travel expense,439.91,EUR,Approved,MgrA,
CL30904,E1048,2024-09-28,Training,Travel expense,276.99,CAD,Paid,MgrC,2024-10-13
CL30905,E1038,2023-08-11,Supplies,Travel expense,113.89,CAD,Paid,MgrB,2023-08-26
CL30906,E1113,2024-10-28,Training,Travel expense,44.64,EUR,Rejected,MgrA,
CL30907,E1042,2024-09-24,Meals,Travel expense,345.6,GBP,Paid,MgrB,2024-10-09
CL30908,E1027,2023-02-01,Travel,Travel expense,275.89,GBP,Approved,MgrC,
CL30909,E1001,2023-07-17,Meals,Travel expense,188.13,CAD,Paid,MgrC,2023-08-01
CL30910,E1095,2023-01-04,Training,Travel expense,148.37,AUD,Submitted,MgrA,
CL30911,E1071,2023-08-20,Entertainment,Travel expense,135.29,GBP,Rejected,MgrA,
CL30912,E1114,2025-02-24,Training,Travel expense,43.85,CAD,Approved,MgrA,
CL30913,E1019,2023-08-27,Meals,Travel expense,55.98,GBP,Rejected,MgrB,
CL30914,E1037,2024-03-25,Travel,Travel expense,343.71,EUR,Submitted,MgrA,
CL30915,E1028,2023-08-19,Supplies,Travel expense,790.08,AUD,Paid,MgrA,2023-09-03
CL30916,E1036,2023-07-18,Supplies,Travel expense,750.11,USD,Rejected,MgrA,
CL30917,E1084,2023-03-10,Meals,Travel expense,314.44,EUR,Submitted,MgrC,
CL30918,E1064,2025-03-01,Supplies,Travel expense,217.72,CAD,Approved,MgrB,
CL30919,E1069,2023-12-25,Meals,Travel expense,678.45,EUR,Paid,MgrC,2024-01-09
CL30920,E1004,2024-01-13,Travel,Travel expense,699.91,AUD,Submitted,MgrB,
CL30921,E1073,2025-01-10,Entertainment,Travel expense,669.35,EUR,Paid,MgrC,2025-01-25
CL30922,E1096,2023-04-19,Supplies,Travel expense,569.61,CAD,Submitted,MgrB,
CL30923,E1114,2024-09-13,Training,Travel expense,754.3,CAD,Rejected,MgrC,
CL30924,E1029,2024-04-05,Supplies,Travel expense,485.5,USD,Rejected,MgrA,
CL30925,E1027,2024-11-07,Entertainment,Travel expense,442.46,CAD,Rejected,MgrC,
CL30926,E1096,2024-05-02,Supplies,Travel expense,556.21,EUR,Rejected,MgrC,
CL30927,E1116,2025-06-03,Supplies,Travel expense,92.41,CAD,Submitted,MgrA,
CL30928,E1098,2025-03-17,Meals,Travel expense,502.24,GBP,Rejected,MgrB,
CL30929,E1065,2024-06-10,Travel,Travel expense,185.38,CAD,Approved,MgrB,
CL30930,E1098,2023-07-13,Training,Travel expense,717.25,AUD,Approved,MgrC,
CL30931,E1092,2023-03-02,Training,Travel expense,635.62,CAD,Paid,MgrC,2023-03-17
CL30932,E1049,2024-11-21,Travel,Travel expense,57.11,CAD,Submitted,MgrC,
CL30933,E1042,2023-08-28,Travel,Travel expense,177.28,GBP,Submitted,MgrA,
CL30934,E1046,2023-07-09,Training,Travel expense,370.2,USD,Approved,MgrB,
CL30935,E1077,2023-06-17,Training,Travel expense,133.46,GBP,Paid,MgrC,2023-07-02
CL30936,E1064,2023-05-15,Supplies,Travel expense,203.13,GBP,Approved,MgrB,
CL30937,E1002,2024-08-11,Training,Travel expense,795.09,AUD,Submitted,MgrC,
CL30938,E1027,2025-05-28,Supplies,Travel expense,549.16,USD,Approved,MgrC,
CL30939,E1008,2025-05-22,Meals,Travel expense,80.95,GBP,Submitted,MgrB,
CL30940,E1091,2023-09-28,Entertainment,Travel expense,649.1,GBP,Approved,MgrC,
CL30941,E1113,2023-01-23,Travel,Travel expense,297.76,AUD,Rejected,MgrC,
CL30942,E1005,2023-11-16,Meals,Travel expense,256.72,EUR,Approved,MgrC,
CL30943,E1113,2025-01-12,Meals,Travel expense,58.26,USD,Paid,MgrB,2025-01-27
CL30944,E1078,2023-11-25,Travel,Travel expense,148.29,EUR,Approved,MgrA,
CL30945,E1011,2025-05-25,Meals,Travel expense,781.33,USD,Approved,MgrA,
CL30946,E1107,2025-05-05,Entertainment,Travel expense,253.88,USD,Approved,MgrB,
CL30947,E1088,2023-02-09,Meals,Travel expense,129.98,AUD,Submitted,MgrC,
CL30948,E1093,2024-02-15,Meals,Travel expense,110.47,AUD,Rejected,MgrC,
CL30949,E1070,2024-09-01,Travel,Travel expense,666.82,AUD,Rejected,MgrC,
CL30950,E1119,2023-06-24,Entertainment,Travel expense,143.32,AUD,Approved,MgrA,
CL30951,E1022,2023-04-15,Meals,Travel expense,232.1,CAD,Rejected,MgrC,
CL30952,E1050,2024-03-08,Meals,Travel expense,292.1,EUR,Rejected,MgrC,
CL30953,E1082,2024-04-05,Supplies,Travel expense,516.82,USD,Paid,MgrA,2024-04-20
CL30954,E1014,2024-07-20,Training,Travel expense,255,GBP,Paid,MgrA,2024-08-04
CL30955,E1044,2023-04-26,Training,Travel expense,49.29,EUR,Submitted,MgrC,
CL30956,E1028,2024-10-26,Supplies,Travel expense,738.77,AUD,Approved,MgrC,
CL30957,E1015,2024-04-05,Supplies,Travel expense,55.95,GBP,Approved,MgrB,
CL30958,E1081,2025-01-23,Entertainment,Travel expense,647.1,EUR,Paid,MgrA,2025-02-07
CL30959,E1093,2023-08-27,Entertainment,Travel expense,259.32,GBP,Submitted,MgrA,
CL30960,E1053,2024-06-13,Travel,Travel expense,503.95,EUR,Paid,MgrA,2024-06-28
CL30961,E1088,2024-09-16,Travel,Travel expense,405.54,AUD,Rejected,MgrA,
CL30962,E1002,2023-10-09,Supplies,Travel expense,761.48,USD,Rejected,MgrB,
CL30963,E1059,2024-10-21,Supplies,Travel expense,516.11,GBP,Approved,MgrB,
CL30964,E1092,2025-03-04,Meals,Travel expense,787.02,USD,Approved,MgrB,
CL30965,E1076,2025-05-15,Travel,Travel expense,129,EUR,Approved,MgrC,
CL30966,E1045,2023-12-22,Training,Travel expense,761.76,AUD,Rejected,MgrB,
CL30967,E1057,2023-05-26,Training,Travel expense,412.24,USD,Paid,MgrC,2023-06-10
CL30968,E1047,2024-05-26,Supplies,Travel expense,568.7,USD,Rejected,MgrC,
CL30969,E1119,2023-01-01,Entertainment,Travel expense,626.4,AUD,Submitted,MgrC,
CL30970,E1007,2024-01-22,Entertainment,Travel expense,277.62,EUR,Approved,MgrC,
CL30971,E1109,2023-08-11,Entertainment,Travel expense,468.83,USD,Rejected,MgrC,
CL30972,E1019,2024-06-14,Supplies,Travel expense,189.96,USD,Approved,MgrA,
CL30973,E1105,2023-08-29,Meals,Travel expense,204.26,CAD,Rejected,MgrC,
CL30974,E1056,2023-12-13,Training,Travel expense,169.67,AUD,Submitted,MgrB,
CL30975,E1112,2025-02-04,Supplies,Travel expense,557.38,USD,Rejected,MgrB,
CL30976,E1091,2024-12-16,Meals,Travel expense,183.12,AUD,Rejected,MgrA,
CL30977,E1043,2023-08-15,Meals,Travel expense,762.54,AUD,Rejected,MgrA,
CL30978,E1063,2023-05-31,Training,Travel expense,642.68,AUD,Approved,MgrA,
CL30979,E1067,2025-06-06,Travel,Travel expense,92.12,GBP,Approved,MgrB,
CL30980,E1057,2024-06-19,Supplies,Travel expense,373.38,CAD,Approved,MgrB,
CL30981,E1001,2024-12-18,Entertainment,Travel expense,70.57,USD,Rejected,MgrC,
CL30982,E1056,2023-01-26,Supplies,Travel expense,692.78,USD,Rejected,MgrA,
CL30983,E1004,2024-09-03,Entertainment,Travel expense,153.74,AUD,Paid,MgrA,2024-09-18
CL30984,E1064,2024-12-17,Travel,Travel expense,568.12,GBP,Submitted,MgrB,
CL30985,E1107,2023-11-23,Travel,Travel expense,357.8,GBP,Paid,MgrB,2023-12-08
CL30986,E1002,2023-12-12,Supplies,Travel expense,445.81,AUD,Paid,MgrA,2023-12-27
CL30987,E1063,2023-09-06,Entertainment,Travel expense,575.61,GBP,Approved,MgrC,
CL30988,E1028,2023-08-31,Meals,Travel expense,442.43,GBP,Paid,MgrC,2023-09-15
CL30989,E1075,2024-11-29,Travel,Travel expense,532.62,GBP,Submitted,MgrA,
CL30990,E1028,2025-02-24,Meals,Travel expense,742.7,USD,Rejected,MgrA,
CL30991,E1049,2024-02-06,Supplies,Travel expense,204.34,CAD,Paid,MgrA,2024-02-21
CL30992,E1037,2023-03-20,Meals,Travel expense,591.08,USD,Rejected,MgrB,
CL30993,E1076,2024-07-26,Supplies,Travel expense,673.15,CAD,Submitted,MgrB,
CL30994,E1065,2024-08-18,Entertainment,Travel expense,432.68,AUD,Rejected,MgrB,
CL30995,E1116,2024-03-28,Travel,Travel expense,547.42,EUR,Rejected,MgrC,
CL30996,E1039,2023-04-12,Entertainment,Travel expense,594.88,EUR,Rejected,MgrC,
CL30997,E1032,2025-06-04,Entertainment,Travel expense,609,GBP,Paid,MgrC,2025-06-19
CL30998,E1055,2024-06-27,Travel,Travel expense,81.77,EUR,Paid,MgrB,2024-07-12
CL30999,E1080,2023-10-17,Training,Travel expense,35.36,USD,Approved,MgrC,
